,title,link,description
0,<b>전세사기</b> HUG 보증보험 관련 질문,https://kin.naver.com/qna/detail.naver?d1id=4&dirId=4020201&docId=422445124&qb=7KCE7IS47IKs6riw&enc=utf8&section=kin.qna&rank=200&search_sort=0&spq=0,... 해준다 이것 때문에 <b>전세사기</b>가 활성화되고 깡통전세가되고 역전세가 된다 이렇게들 말씀하시는데 제가 대가리가 나빠서그런가 매매가의 150%를 대출ㅇ르 해준다는게 뭔말인지도 모르겠고 왜 이게 역전세의 빌미가... 
1,깡통<b>전세 사기</b> 도와주세요..ㅜ,https://kin.naver.com/qna/detail.naver?d1id=4&dirId=4020201&docId=425199152&qb=7KCE7IS47IKs6riw&enc=utf8&section=kin.qna&rank=201&search_sort=0&spq=0,깡통<b>전세 사기</b>를 당한거같은데 보증금 받을수 있을까요? 1억8천 대출받고 2천만원 제 돈으로 해서 2억짜리 전세로 이사갓는데 깡통전세인걸 알고 이사를 가고싶어서요 하루라도 빨리 방 빼고 싶은데 중계해줬던 분 한테 가기앤 좀... 
2,<b>전세사기</b> 의심 관련 문의,https://kin.naver.com/qna/detail.naver?d1id=6&dirId=60212&docId=413246860&qb=7KCE7IS47IKs6riw&enc=utf8&section=kin.qna&rank=202&search_sort=0&spq=0,... 변경된 법인의 대표자가 2013년 국세 체납 발생 / 2016년 명단 공개 현시점에도 조회 됨 해당 사항으로 보았을때 <b>전세사기</b> 위험의 가능성이 있을까요? 관련하여 대비할 수 있는 방법 또는 대책을 문의 드립니다. 이... 
3,임대인이 바뀌었는데 컨설팅 <b>전세 사기</b> 인 것 같습니다.... ,https://kin.naver.com/qna/detail.naver?d1id=6&dirId=60212&docId=421414256&qb=7KCE7IS47IKs6riw&enc=utf8&section=kin.qna&rank=203&search_sort=0&spq=0,"... 해당 내용으로 검색을 해보니 흔한 <b>전세 사기</b>로 추정하고 있습니다. 저희 계약 상황을 말씀드리자면, 2022년 04월 04일 인터넷으로 확정일자 신고하였음. 2022년 05월 20일 전입신고 및 이사, 대출 실행 대출은 1금융권에서 안심전세대출... "
4,청년버팀목<b>전세</b>대출 <b>사기</b>,https://kin.naver.com/qna/detail.naver?d1id=4&dirId=4020201&docId=413697613&qb=7KCE7IS47IKs6riw&enc=utf8&section=kin.qna&rank=204&search_sort=0&spq=0,"... - 집주인 대출 없네요~ - 1순위 전세권 설정이네요 (확정일자+전입신고) -&gt; 그런데 <b>전세사기</b> 당하는 쓰레기 국가 헬조선, 불지옥, <b>전세사기</b> 국가 = 대한민국 전세 근저당 계산 방법 - <b>전세 사기</b> 당하지 않는 방법 http://naver.... "
5,<b>전세 사기</b> 관련 질문 드립니다!,https://kin.naver.com/qna/detail.naver?d1id=4&dirId=4020201&docId=423006965&qb=7KCE7IS47IKs6riw&enc=utf8&section=kin.qna&rank=205&search_sort=0&spq=0,"통 <b>전세 사기</b>인 것 같은데...ㅠㅠ 전문가 답변좀 부탁드립니다. 제가 들어간 전세가는 1억 4200만원입니다. (공시주택가격 9100만원) 1. 현재 전세 살고 있음, 2020/6/22이 전입신고와 확정일자 받음 2년 살다 전세 재개약 시점에서... "
6,<b>전세사기</b> (신탁) 성립 관련 문의 드립니다. 찐고수님들만... ,https://kin.naver.com/qna/detail.naver?d1id=6&dirId=60202&docId=424111836&qb=7KCE7IS47IKs6riw&enc=utf8&section=kin.qna&rank=206&search_sort=0&spq=0,... 살면서 대출만 알았지 신탁은 처음들어보는 말이라 뭔지 전혀 몰랐는데 여기저기 찾아보니 이런식의 <b>전세사기</b>가 많고 지금 제 상황도 뭔가 잘못되가는걸 느낄수가 있었습니다. 여기서 고수님들께 몇가지 여쭙겠습니다! 1. 이 경우... 
7,<b>전세사기</b> 관련해 질문이요ㅜ,https://kin.naver.com/qna/detail.naver?d1id=4&dirId=4020201&docId=430086439&qb=7KCE7IS47IKs6riw&enc=utf8&section=kin.qna&rank=207&search_sort=0&spq=0,전집주인이 저희가 이사한날 다른 사람에게 매매를해서 집주인이 바뀌었는데요 전집주인과 계약할때 특약에 잔금일 익일까지 어떠한 권리설정도 하지않기로한다라고 되어있는데 이 특약은 집주인변경도 하면안된다라는것도... 
8,<b>전세 사기</b>는 자주 일어나는 편인가요?,https://kin.naver.com/qna/detail.naver?d1id=4&dirId=4020201&docId=426660673&qb=7KCE7IS47IKs6riw&enc=utf8&section=kin.qna&rank=208&search_sort=0&spq=0,<b>전세 사기</b>는 요즘 자주 일어나는 편인가요? 전세 4000만원대도 사기를 당할수도 있을까요? 1000 만원도 사기를 당할수 있습니다. 또한 부동산 거래 쪽에서 일어나는 사기는 매매 월세 등 모든 거래들 중에서 <b>전세 사기</b>가 가장 비중이... 
9,<b>전세</b>대출<b>사기</b> 문의합니다,https://kin.naver.com/qna/detail.naver?d1id=4&dirId=4020201&docId=430361974&qb=7KCE7IS47IKs6riw&enc=utf8&section=kin.qna&rank=209&search_sort=0&spq=0,"오늘 오전에 경찰서에서 현전세집 임대인이 <b>전세사기</b>로 조사받고 있음을 통보받고,현거주지 등기부 등본을 발급 받아 보고 9월에 가압류20억이 걸려있음을 알게되었습니다. 알고보니,저희 건물에 4세대가 동일한 임대인에게 사기를... "
10,HUG<b>전세</b>대출 <b>사기</b> 당한 것 같아요 도와주세요,https://kin.naver.com/qna/detail.naver?d1id=4&dirId=4020201&docId=424414210&qb=7KCE7IS47IKs6riw&enc=utf8&section=kin.qna&rank=210&search_sort=0&spq=0,... 공인중개사가 소개해준 은행원에게 가서 대출상담과 대출실행 시행함 궁금한점 1.<b>전세사기</b> 당한거같아 계약을 해지하고싶은데 해지할 수 있는지 ? 2.계약서 조항에 중도금 지불 전 임대인은 계약금의 배액을 상환하고 임차인은... 
11,<b>전세 사기</b>,https://kin.naver.com/qna/detail.naver?d1id=4&dirId=4020201&docId=430089350&qb=7KCE7IS47IKs6riw&enc=utf8&section=kin.qna&rank=211&search_sort=0&spq=0,"... me/IgtykrF4 HUG전세보증보험, 컨설팅 <b>전세사기</b>, 그 실체를 고발합니다. http://naver.me/G3JfHylq HUG전세보증보험 컨설팅 이자지원 사기의 실체 폭로 (강서구 800채 사기, 국토부가 주범) http://naver.me/56YjQ1iH 국토부 공시가 30... "
12,<b>전세 사기</b> 미수 고소가능여부,https://kin.naver.com/qna/detail.naver?d1id=4&dirId=40203&docId=420172319&qb=7KCE7IS47IKs6riw&enc=utf8&section=kin.qna&rank=212&search_sort=0&spq=0,... 전세보증보험을 들면 -&gt; <b>전세사기</b>를 무조건 당한다. (쓰레기 헬-조-선) http://naver.me/FrvbDQS8 전세보증보험 = 국토부가 설계한 치밀한 대 사기극 지금 2020년 전국 공시가율 72% 인데 국토부가 전세보증보험을 150% 까지... 
13,카카오뱅크 <b>전세</b>대출 <b>사기</b>,https://kin.naver.com/qna/detail.naver?d1id=4&dirId=4020201&docId=422175820&qb=7KCE7IS47IKs6riw&enc=utf8&section=kin.qna&rank=213&search_sort=0&spq=0,... 카카오뱅크라고 <b>전세사기</b> 확률은 많이 낮다고들 말씀하시고 부동산 측에서도 집주인도 계속 바뀌지않고 유지되고 있고 5억정도의 융자면 괜찮다고 하시더라구요 등기를 때보니 을구에 5억이 적혀 있더라구요 잘 볼줄도 모르겠구... 
14,<b>전세</b>자금대출<b>사기</b>인가요??,https://kin.naver.com/qna/detail.naver?d1id=4&dirId=4020201&docId=414995968&qb=7KCE7IS47IKs6riw&enc=utf8&section=kin.qna&rank=214&search_sort=0&spq=0,"... me/IgtykrF4 ---------- - 집주인 대출 없네요~ - 전세보증보험 들었네요 - 1순위 전세권 설정이네요 (확정일자+전입신고) -&gt; 그런데 <b>전세사기</b> 당하는 쓰레기 국가 헬조선, 불지옥, <b>전세사기</b> 국가 = 대한민국 전세 근저당 계산 방법... "
15,<b>전세 사기</b>인가요? 전세 지원금?,https://kin.naver.com/qna/detail.naver?d1id=4&dirId=4020201&docId=417577149&qb=7KCE7IS47IKs6riw&enc=utf8&section=kin.qna&rank=215&search_sort=0&spq=0,... 이게 <b>전세사기</b> 위험은 없는지 궁금합니다. 보증보험 가입은 따로 하고 계약금 반환 특약이랑 저당 소멸(?) 특약도 넣는다하시는데 뭐가 맞는건지 잘 모르겠습니다. 두서없이 질문드렸지만 답변 부탁드리겠습니다. 감사합니다. 전세... 
16,<b>전세</b> 매물 <b>사기</b> 질문드려요~,https://kin.naver.com/qna/detail.naver?d1id=4&dirId=4020201&docId=416634062&qb=7KCE7IS47IKs6riw&enc=utf8&section=kin.qna&rank=216&search_sort=0&spq=0,"... 님이 정상적인 게약을 하고 나면 그 이후에 물건이 내려질 것이고, 그러기 전까지는 물건이 리스트 업 되어 있을 것이지요, 계약을 정상적으로 하시고 나서 물건들을 내려 달라고 하면 되겠지요. <b>전세사기</b>와는 전혀 문관 해 보입니다. "
17,<b>전세사기</b>에 대해서,https://kin.naver.com/qna/detail.naver?d1id=4&dirId=4020201&docId=406207732&qb=7KCE7IS47IKs6riw&enc=utf8&section=kin.qna&rank=217&search_sort=0&spq=0,... <b>전세사기</b>가 종종 발생한다고하더라구요 그래서 왠만하면 전세보단 매매로 하라는데 <b>전세사기</b>는 발생하는데 매매로 하면 사기가 발생하지않나요? 궁금한게 생겨서 질문합니다! <b>전세사기</b>가 종종 발생한다고하더라구요 그래서... 
18,전세대출 <b>전세 사기</b> 안당하는 방법들,https://kin.naver.com/qna/detail.naver?d1id=4&dirId=4020201&docId=418774333&qb=7KCE7IS47IKs6riw&enc=utf8&section=kin.qna&rank=218&search_sort=0&spq=0,청년 <b>전세</b>대출 알아보는중인데 생각보다 <b>사기</b>가 많다하더라구요 무지할수록 더 손해볼수밖에 없다는데 1.어떤것들을 확인해야하는지 (서류들이라던지 그런부분!) 2.아파트보다 빌라나 원룸이 더 위험한 이유 이렇게 말씀주시면... 
19,<b>전세 사기</b>,https://kin.naver.com/qna/detail.naver?d1id=4&dirId=4020201&docId=419134283&qb=7KCE7IS47IKs6riw&enc=utf8&section=kin.qna&rank=219&search_sort=0&spq=0,... <b>전세사기</b>가 많아서 걱정입니다. 이런거 물어볼 사람도 없고해서 <b>전세사기</b>를 안당하는법과 보험같은것좀 자세히 알려주실분 구해요.(전세로 방구하기전 준비할것들 등등..) 그리고 가끔가다 대출안됨이란 방이 있는데 이런 방은 왜... 
20,빌라 <b>전세사기</b> 해결 방안,https://kin.naver.com/qna/detail.naver?d1id=6&dirId=60206&docId=419931897&qb=7KCE7IS47IKs6riw&enc=utf8&section=kin.qna&rank=220&search_sort=0&spq=0,... 그렇게 되면 월세나 부당한부분으로 보증금이 까져서 받게 되는건지 궁금합니다 ㅠ 비슷한 사례가 있거나 해결 방안을 아시는분 알려 주세요 ㅠ  <b>전세사기</b> 대응방법에 관해서는 아래 블로그 글 참고하시면 도움이 되실 것입니다. &quot; &amp;
21,부동산 <b>전세 사기</b> 질문이요,https://kin.naver.com/qna/detail.naver?d1id=4&dirId=4020201&docId=422724470&qb=7KCE7IS47IKs6riw&enc=utf8&section=kin.qna&rank=221&search_sort=0&spq=0,월세 세입자가 집주인인척하고 제 3자에게 <b>전세 사기</b>를 치면 실제 집주인이 그 돈을 물어야 하나요 ?  &lt;답변&gt; 아니요. 사기친사람이 물어야 합니다. 그래서 집주인 확인 반드시 하셔야하고 등기 뽑아서 확인해야 합니다. 계약금 넣기... 
22,"임차인 배분, 대항력 <b>전세사기</b> 대응 방법 문의 드립니다.",https://kin.naver.com/qna/detail.naver?d1id=6&dirId=60215&docId=429202061&qb=7KCE7IS47IKs6riw&enc=utf8&section=kin.qna&rank=222&search_sort=0&spq=0,저희는 신혼부부이고 <b>전세</b>대금이 전재산 입니다. 제발 도와주세요. 1. 2020년 11월 19일 <b>전세</b> 빌라 2억5천700에 계약... 취소되면 저희는 <b>전세</b>대금을 1. 집주인에게 달라고 해야 하는 것인지 궁금합니다. 1.의 계약과 무관하게 집주인... 
23,<b>전세 사기</b> 의심(도와주세요..ㅠㅠ),https://kin.naver.com/qna/detail.naver?d1id=6&dirId=60202&docId=424744597&qb=7KCE7IS47IKs6riw&enc=utf8&section=kin.qna&rank=223&search_sort=0&spq=0,... 다만 요즘 시끄러운 <b>전세사기</b>가 주로 컨설팅 부동산에서 이루어지는데 이또한 역시 컨설팅 부동산일듯 합니다. (질문2) 인천이라 등기부등본과 집주인 계좌를 보낼테니 그쪽으로 가계약금 50만원을 넣으면 된다고 하여 직접보고... 
24,<b>전세사기</b> 당했을 때 전세대출을 어떻게 해야하나요?,https://kin.naver.com/qna/detail.naver?d1id=4&dirId=4020201&docId=424638452&qb=7KCE7IS47IKs6riw&enc=utf8&section=kin.qna&rank=224&search_sort=0&spq=0,"... 혹시 이런 <b>전세사기</b> 피해의 경우 은행에서 대출기간 연장이라던가 도움을 받을 방법이 있을까요? 은행에서 전세자금을 대출받은 경우라면, 은행에서도 채권보전을 위해 그 집의 위험성에 대해 1차적으로 검토를 했을 것입니다. 은행이... "
25,살고있는 투룸이 <b>전세사기</b>로 경매진행중,https://kin.naver.com/qna/detail.naver?d1id=6&dirId=60202&docId=426998379&qb=7KCE7IS47IKs6riw&enc=utf8&section=kin.qna&rank=225&search_sort=0&spq=0,살고있는 투룸이 <b>전세사기</b>로 경매진행중인데요 배당금 신청을 했고 전세계약서 분실 했습니다. 배당금 신청전 공인중개사 협회에 전세금반환 소송중 질문 1.전세계약서 분실 시 배당금 받을수있는가? 2.배당금을 받고 공인중개사 협회... 
26,<b>전세사기</b> 보증보험 관련 계약서 확정일자 문의해요!,https://kin.naver.com/qna/detail.naver?d1id=4&dirId=4020201&docId=430752103&qb=7KCE7IS47IKs6riw&enc=utf8&section=kin.qna&rank=226&search_sort=0&spq=0,"... me/G2VWOBCZ - 집주인 대출 없네요~ - 전세보증보험 들었네요 - 1순위 전세권 설정이네요 (확정일자+전입신고) -&gt; 그런데 <b>전세사기</b> 당하는 쓰레기 국가 헬조선, 불지옥, <b>전세사기</b> 국가 = 대한민국 전세 근저당 계산... "
27,<b>전세</b>대출 <b>사기</b> 피해자 회생,https://kin.naver.com/qna/detail.naver?d1id=6&dirId=60215&docId=429877510&qb=7KCE7IS47IKs6riw&enc=utf8&section=kin.qna&rank=227&search_sort=0&spq=0,... 관련태그: 임대차  # 법무법인 명재 | 최한겨레 변호사 # [변호사 프로필보기] | [더 많은 변호사 답변 보기] # 질문글 원문 링크 &lt; 클릭 질문자님이 문의 주신 내용으로 보아 <b>전세</b>대출 <b>사기</b> 행위로 인해 피해를 입은 상황으로 보여집니다.... 
28,<b>전세사기</b> 문의,https://kin.naver.com/qna/detail.naver?d1id=4&dirId=4020201&docId=428767028&qb=7KCE7IS47IKs6riw&enc=utf8&section=kin.qna&rank=228&search_sort=0&spq=0,<b>전세사기</b> 문의 입니다. 현재 중기청 80%대출을 받아 1억 4천만원 전세 집을 들어갔습니다. 대출금은 1억이고 자부담금이 4천입니다. 보증보험은 HF 80%를 가입한 상태이구요. 근저당 말소는 다 되어있어 해당등기는 깨끗한 상태입니다.... 
29,<b>전세사기</b> 예방법,https://kin.naver.com/qna/detail.naver?d1id=4&dirId=4020201&docId=418068344&qb=7KCE7IS47IKs6riw&enc=utf8&section=kin.qna&rank=229&search_sort=0&spq=0,이번주에 신혼집 전세 계약 하러 갑니다 둘다 전세계약은 처음이라 조심스럽고 걱정도 많은데 <b>전세사기</b> 예방차원으로 미리 알아야 할것들이 무엇이 있는지 알려주세요  80% 산수만 하면 사기 안 당해 이걸 못해서 다들 사기... 
30,<b>전세사기</b> 관련 문의 ) 집주인이 보증금 안돌려줄때,https://kin.naver.com/qna/detail.naver?d1id=6&dirId=60202&docId=428924095&qb=7KCE7IS47IKs6riw&enc=utf8&section=kin.qna&rank=230&search_sort=0&spq=0,"... 보증금미반환 사건은 형사상 <b>사기</b>죄 성립과 민사상 채무불이행의 경계에 있는 경우가 많은데, 고소를 해야할지 민사소송을 진행해야 할지 잘 선택하셔야 합니다. 기망행위 등이 개입되지 않은 단순 보증금미반환 사건이라면 형사... "
31,"<b>전세사기</b> 확률 최소화하는 법(중기청, 사회초년생, 대전)",https://kin.naver.com/qna/detail.naver?d1id=4&dirId=40201&docId=426234768&qb=7KCE7IS47IKs6riw&enc=utf8&section=kin.qna&rank=231&search_sort=0&spq=0,"... 다른게 아니라 갭투자, 세금미납같은 <b>전세사기</b>를 당할까봐 상당히 조심스럽네요... 지금 들어가려는 건물이 신축, 첫 입주라 더욱 조심스럽습니다. 전세피해 확률을 최소화하고자 합니다. 제가 놓치고 있는거나 조언을 해주실게... "
32,전세대출 <b>전세 사기</b> 안당하는 방법들,https://kin.naver.com/qna/detail.naver?d1id=4&dirId=4020201&docId=418774333&qb=7KCE7IS47IKs6riw&enc=utf8&section=kin.qna&rank=232&search_sort=0&spq=0,... 아파트보다 빌라나 원룸이 더 위험한 이유 이렇게 말씀주시면 감사하겠습니다 <b>전세사기</b>의 경우에는 집주인만 잘 확인하면 됩니다. 그렇지만 전세가가 높다면 나중에 보증금이 위험해질 수 있기 때문에 등본을 잘 확인해야 합니다.... 
33,<b>전세사기</b> HUG 보증보험 관련 질문,https://kin.naver.com/qna/detail.naver?d1id=4&dirId=4020201&docId=422445124&qb=7KCE7IS47IKs6riw&enc=utf8&section=kin.qna&rank=233&search_sort=0&spq=0,... 해준다 이것 때문에 <b>전세사기</b>가 활성화되고 깡통전세가되고 역전세가 된다 이렇게들 말씀하시는데 제가 대가리가 나빠서그런가 매매가의 150%를 대출ㅇ르 해준다는게 뭔말인지도 모르겠고 왜 이게 역전세의 빌미가 되는지도... 
34,사기꾼이었고 현재 구속되어있습니다. (<b>전세사기</b> 피해),https://kin.naver.com/qna/detail.naver?d1id=4&dirId=4020201&docId=429733133&qb=7KCE7IS47IKs6riw&enc=utf8&section=kin.qna&rank=234&search_sort=0&spq=0,지인이 <b>전세 사기</b>를 당했는데 제가 도움을 줄 수 있는 부분이 어떤 것일지 몰라서 올려봅니다. 지인은 전세자금대출을 받아 전세로 살고 있는 중인데 며칠 전 경찰서에서 임대인이 100건이 넘는 사기로 구속되었다고 합니다. 피해자... 
35,중기청 <b>전세사기</b> 질문이요 ㅠㅠ,https://kin.naver.com/qna/detail.naver?d1id=4&dirId=4020201&docId=422802284&qb=7KCE7IS47IKs6riw&enc=utf8&section=kin.qna&rank=235&search_sort=0&spq=0,... 집주인 바뀌는 시기는 잔금납부하고 보증보험 가입한 뒤라고 하는데 <b>사기</b>당할 가능성 있을까요? ㅠㅠ 그리고 만약에 바뀌는 집주인이 세금도 연체되고 빚이 많아도 대출이 유지 될까요?!?! <b>전세</b>자금대출은 임대인을 보고 주는것이... 
36,2억 4천만원 <b>전세사기</b>를 당했습니다. 답변부탁드립니다.,https://kin.naver.com/qna/detail.naver?d1id=6&dirId=60215&docId=427735817&qb=7KCE7IS47IKs6riw&enc=utf8&section=kin.qna&rank=236&search_sort=0&spq=0,"... 무조건 변호사님 선임할거구요 현시점에서 뭘 어떻게 대응을 해야하는지 <b>전세사기</b>쪽으로 잘 알고 유능하신 변호사분 도움부탁드리겠습니다 2021년 7월~2023년 6월 2년 전세계약( 240,000,000원 ) (확정일자 및 전입신고 날까지 등기부등본... "
37,<b>전세 사기</b> 가능성이 있나요??,https://kin.naver.com/qna/detail.naver?d1id=4&dirId=4020201&docId=405613137&qb=7KCE7IS47IKs6riw&enc=utf8&section=kin.qna&rank=237&search_sort=0&spq=0,"... 집주인이 형제 3명 (33%, 34%, 33% 비율)인 경우에도 상관없이 똑같이 적용되어서 <b>전세 사기</b> 가능성이 없는건가요?? 1. 제가 조사하기로는 이런 경우 경매로 넘어가도 선수위 보증금을 다 지급하고도 제 보증급을 받을 수 있어... "
38,<b>전세 사기</b> 구별법,https://kin.naver.com/qna/detail.naver?d1id=4&dirId=4020201&docId=412456838&qb=7KCE7IS47IKs6riw&enc=utf8&section=kin.qna&rank=238&search_sort=0&spq=0,"신축 오피스텔 들어갈 예정인데...혹시 버팀목, 중소기업 대출이가능하면 <b>전세사기</b> 당할 일은 없는거 맞나요? 사기인지 확인하는 팁 있을까요? 반가워요 제가 답변을 드릴게요! 안전거래 분쟁방지를 위해 변호사와 함께 하는... "
39,<b>전세사기</b>를 당했는데 궁금한게 있습니다..,https://kin.naver.com/qna/detail.naver?d1id=4&dirId=4020201&docId=429384590&qb=7KCE7IS47IKs6riw&enc=utf8&section=kin.qna&rank=239&search_sort=0&spq=0,"... 여기저기 갭투자한다, 갭투자 물건이다, <b>전세 사기</b>수법이다 등등 많은 얘기는 듣고 보았지만 제가 이렇게 당할거라곤 생각도 못했네요.. 일단 저희가 전세 계약한 물건은 분양회사소유였고 이미 근저당은 다 말소된 깨끗한 상태의... "
40,사기당할 수 있나요? <b>전세사기</b> 당하기전 대처방안,https://kin.naver.com/qna/detail.naver?d1id=4&dirId=4020201&docId=421047094&qb=7KCE7IS47IKs6riw&enc=utf8&section=kin.qna&rank=240&search_sort=0&spq=0,... 혹시 <b>전세</b>반환보증보험 100% 들어도 <b>사기</b>당할 위험이나 보증금을 못돌려받는 경우가 생길 수 있나요?? 그리고 안전장치를 위해 특약사항에 <b>전세</b>반환보증보험에 대해서 어떤내용이 기재되어야하나요?? 질문에... 
41,카카오 <b>전세</b>대출 <b>사기</b>피해,https://kin.naver.com/qna/detail.naver?d1id=4&dirId=4010506&docId=418889156&qb=7KCE7IS47IKs6riw&enc=utf8&section=kin.qna&rank=241&search_sort=0&spq=0,"... me/IgtykrF4 ---------- - 집주인 대출 없네요~ - 전세보증보험 들었네요 - 1순위 전세권 설정이네요 (확정일자+전입신고) -&gt; 그런데 <b>전세사기</b> 당하는 쓰레기 국가 헬조선, 불지옥, <b>전세사기</b> 국가 = 대한민국 전세 근저당 계산 방법... "
42,부동산 <b>전세 사기</b>,https://kin.naver.com/qna/detail.naver?d1id=4&dirId=4020201&docId=418461061&qb=7KCE7IS47IKs6riw&enc=utf8&section=kin.qna&rank=242&search_sort=0&spq=0,... 개인이고 1순이고 근저당 없네 -&gt; <b>전세사기</b> 당하셨네요. 축하드립니다. ^^ 전세보증보험 = 국토부가 설계한 치밀한 대 사기극 지금 2020년 전국 공시가율 72% 인데 국토부가 전세보증보험을 150% 까지 들어준다고 72% X 1.... 
43,<b>전세 사기</b> 당하는 이유가 뭔가요?,https://kin.naver.com/qna/detail.naver?d1id=4&dirId=4020201&docId=427477639&qb=7KCE7IS47IKs6riw&enc=utf8&section=kin.qna&rank=243&search_sort=0&spq=0,"<b>전세 사기</b> 당하는 이유가 뭔가요?  욕심 때문에 사기는 당합니다 신축,깨끗한 집선호하고, 계약 서두러대다가 신축빌라, 등 보면 깨끗이 된 것보고 등기부 발급해 권리분석도 안해보고 깡통 <b>전세사기</b> 당하게 됩니다"
44,<b>전세</b>구하고 있는데 <b>사기</b>인지좀 봐주세요,https://kin.naver.com/qna/detail.naver?d1id=4&dirId=4020201&docId=413249874&qb=7KCE7IS47IKs6riw&enc=utf8&section=kin.qna&rank=244&search_sort=0&spq=0,"... 이런식으로 계산을 해봐 HUG는 사기야 조심해 - 집주인 대출 없네요~ - 1순위 전세권 설정이네요 (확정일자+전입신고) -&gt; 그런데 <b>전세사기</b> 당하셨네요~ 축하드립니다~ 헬조선, 불지옥, <b>전세사기</b> 국가 = 대한민국 전세... "
45,깡통<b>전세 사기</b> 당한거 같아요…,https://kin.naver.com/qna/detail.naver?d1id=4&dirId=4020201&docId=429886975&qb=7KCE7IS47IKs6riw&enc=utf8&section=kin.qna&rank=245&search_sort=0&spq=0,"<b>전세</b> 2억에 들어왔어요 계약후 한달뒤쯤 집주인이 바뀌었고... 상태고 <b>전세</b>자금대출 5천 받았어요 현 집주인 전화수신거부 되어 있는 상태고 연락도 안받습니다… 깡통<b>전세</b>... 다만, 깡통<b>전세</b>의 경우 매매가보다 <b>전세</b>가가 낮아야... "
46,<b>전세 사기</b> 방지방법 문의,https://kin.naver.com/qna/detail.naver?d1id=4&dirId=40201&docId=430903246&qb=7KCE7IS47IKs6riw&enc=utf8&section=kin.qna&rank=246&search_sort=0&spq=0,... *대출=근저당 개념인데 이자고려 근저당 금액이 많습니다 *금융패거리가 주택연금 사업이 잘안되니 /요상한것을 <b>전세</b> 보험이라고 만들어서 *보험금을 챙길려고 햇는데 /<b>사기</b>꾼 서민이 매수인을 노숙자로 해서 정부예산을 먹튀하는... 
47,<b>전세 사기</b> 위험,https://kin.naver.com/qna/detail.naver?d1id=4&dirId=4020201&docId=409565543&qb=7KCE7IS47IKs6riw&enc=utf8&section=kin.qna&rank=247&search_sort=0&spq=0,"작년9월초 입주했고 전입신고 확정일자까지받고 아직까지 근저당 기록이 없으면 <b>전세사기</b>당할확률은 거의 없는건가요? 완벽하게 사기안당하려면 어떻게 해야하나요,. 작년9월초 입주했고 전입신고 확정일자까지받고 아직까지 근저당... "
48,오피스텔 <b>전세사기</b>,https://kin.naver.com/qna/detail.naver?d1id=4&dirId=4020201&docId=414664760&qb=7KCE7IS47IKs6riw&enc=utf8&section=kin.qna&rank=248&search_sort=0&spq=0,"오피스텔에 전세로 입주하려고 하는데 일억 천 에 중기청으로 일억 , 나머지는 신용대출로 들어가려고 하는데요 융자금 없음이라고 뜨긴 하는데 이럴경우 깡통전세<b>전세사기</b> 가능성 적을까요? 전입신고는 가계약만 해도 할 수 있는지... "
49,<b>전세사기</b>대출,https://kin.naver.com/qna/detail.naver?d1id=4&dirId=4010501&docId=430239289&qb=7KCE7IS47IKs6riw&enc=utf8&section=kin.qna&rank=249&search_sort=0&spq=0,안녕하세요 친한동생이 <b>전세사기</b>대출을 당했습니다 이쪽으로 아예 모르는상황이라 뭐부터해야할지 모르겟구 멘탈이 나간상태라 조금이라도 도움주고싶어서 질문합니다 전세집은 빌라 반지하 9천만원 이구 은행에서 대출은... 
50,전세집 강제경매 넘어갔고 <b>전세사기</b> 의심,https://kin.naver.com/qna/detail.naver?d1id=4&dirId=40204&docId=429169524&qb=7KCE7IS47IKs6riw&enc=utf8&section=kin.qna&rank=250&search_sort=0&spq=0,"... 언급하신 바와 같이, <b>전세사기</b> 또는 사해행위 등등 이라 하더라도 형사처벌까지는 어려울 수 있는 것이 현실 입니다. 즉, 임차인을 기망하여 금전적인 이득을 취했다면 사기죄로 처벌을 받게 되겠으나, 돈이 없어서 반환하지 못한다??... "
51,<b>전세사기</b> 질문,https://kin.naver.com/qna/detail.naver?d1id=4&dirId=4020201&docId=430431225&qb=7KCE7IS47IKs6riw&enc=utf8&section=kin.qna&rank=251&search_sort=0&spq=0,"허그로 하나은행에서 <b>전세</b>자금대출 80%를 받고 20%를 제돈을 이체했습니다 집주인이 만기시 보증금을 돌려주지... 따로가입했구요 <b>전세</b>자금대출도 차입자(대출 받은 자)에 상환 의무가 있습니다. 다만, 질문자님의 경우 <b>전세</b>보증보험을... "
52,화곡동 신축오피스텔 <b>전세사기</b> 일까요??...,https://kin.naver.com/qna/detail.naver?d1id=4&dirId=4010501&docId=430579201&qb=7KCE7IS47IKs6riw&enc=utf8&section=kin.qna&rank=252&search_sort=0&spq=0,"... 대출이자만 5.4-5.6%프로입니다 오늘 대출서류에 싸인을 했는데, 주택기금 전세금대출이아닌 신한은행 개인대출이더라구요 혹시 <b>전세사기</b> 일까요? 보증보험만 가입하면 추후에 문제 없을까요? 너무 걱정되네요  어차피 전입신고... "
53,<b>전세사기</b> 계약서 한글금액과 숫자가 다른 문제,https://kin.naver.com/qna/detail.naver?d1id=4&dirId=4020201&docId=430380529&qb=7KCE7IS47IKs6riw&enc=utf8&section=kin.qna&rank=253&search_sort=0&spq=0,제가 20년9월에 기존 집주인과 국민은행 안심<b>전세</b>대출로 <b>전세</b>계약을 했습니다.... <b>전세</b>금 반환을 위해서 내용증명을 보내려고 계약서를 다시 봤는데 한글... 당시 기존집주인과 맺은 <b>전세</b>계약금액 그대로 새로운 집주인과 계약을 맺기로... 
54,<b>전세 사기</b>를 당한 것 같습니다.,https://kin.naver.com/qna/detail.naver?d1id=6&dirId=60202&docId=408382132&qb=7KCE7IS47IKs6riw&enc=utf8&section=kin.qna&rank=254&search_sort=0&spq=0,"... (필자)공인중개사를 통해 신축 오피스텔 <b>전세</b> 계약을 하게 되었습니다. 건축주 직접 계약, 신탁, 융자 말소 조건... 관련 당사자들에게 <b>사기</b> 정황이 인정되는 경우라면 <b>사기</b>죄 고소 검토도 필요해 보입니다. 4. 법률사무소 인도 대표... "
55,<b>전세사기</b> 궁금합니다,https://kin.naver.com/qna/detail.naver?d1id=4&dirId=4020201&docId=418524554&qb=7KCE7IS47IKs6riw&enc=utf8&section=kin.qna&rank=255&search_sort=0&spq=0,... 깡통전세 <b>전세사기</b> 그런 기사들만 보이니까 너무 불안한 상황이예요 인터넷에서 전세금반환보증보험은 저 혼자 들 수 있다고해서 전세계약을 맺고 대출진행을 하는 과정에서 전세금반환보증보험을 못들 수도 있다는 상황에... 
56,신축 오피스텔 계약 <b>전세사기</b>,https://kin.naver.com/qna/detail.naver?d1id=6&dirId=60202&docId=423186929&qb=7KCE7IS47IKs6riw&enc=utf8&section=kin.qna&rank=256&search_sort=0&spq=0,... <b>전세사기</b>가 걱정되어 계약서를 읽는 중 의문이 드는 부분이 있어서요~ 도움 부탁드립니다.. 계약서 특약 부분에 &apos;임대인은 잔금 수령 후 중도금 대출 전액 상환 및 분양대금을 완납하고 분양권자 명의로 소유권 이전 등기 신청하며... 
57,<b>전세 사기</b>,https://kin.naver.com/qna/detail.naver?d1id=4&dirId=4020201&docId=419134283&qb=7KCE7IS47IKs6riw&enc=utf8&section=kin.qna&rank=257&search_sort=0&spq=0,... <b>전세사기</b>가 많아서 걱정입니다. 이런거 물어볼 사람도 없고해서 <b>전세사기</b>를 안당하는법과 보험같은것좀 자세히 알려주실분 구해요.(전세로 방구하기전 준비할것들 등등..) 그리고 가끔가다 대출안됨이란 방이 있는데 이런 방은 왜... 
58,부동산 <b>전세 사기</b>,https://kin.naver.com/qna/detail.naver?d1id=4&dirId=4020201&docId=418461061&qb=7KCE7IS47IKs6riw&enc=utf8&section=kin.qna&rank=258&search_sort=0&spq=0,제가 전세대출을 받아서 자취방을 구했는데요 집 소유자가 법인입니다 혹시 임대인이 법인이어도 <b>전세 사기</b>를 당할 가능성이 높나요?ㅠㅠ 20층짜리 꽤 큰 오피스텔입니다.. 계약은 오피스텔 1층에 있는 부동산 사장이 법인 대표 대신 계약... 
59,신축빌라 <b>전세사기</b>,https://kin.naver.com/qna/detail.naver?d1id=6&dirId=60202&docId=416404696&qb=7KCE7IS47IKs6riw&enc=utf8&section=kin.qna&rank=259&search_sort=0&spq=0,"... 신축빌라 <b>전세사기</b>가 특히 많다고 해서 이것저것 물어보고 왔어요 밑에 내용을 읽어보고 혹시 사기위험이 조금이라도 있는지 한번만 봐주세요ㅠㅠ 매매가와 전세가가 2억8천으로 동일해요, 이런 경우 깡통전세로 위험이 있다고... "
60,대항력 생기기전에 집주인변경하는 <b>전세사기</b> 예방방법... ,https://kin.naver.com/qna/detail.naver?d1id=4&dirId=4020201&docId=430452818&qb=7KCE7IS47IKs6riw&enc=utf8&section=kin.qna&rank=260&search_sort=0&spq=0,"... 하나 있다면 당일날 바로 <b>전세</b>권설정을 하는 방법이 있을 수는 있겠습니다만 주인이 바뀌는건 <b>사기</b>가 아닙니다. 주인은 바뀔 수 있습니다. 주인이 바뀌면서 의도적으로 당일에 대출을 일으켜서 <b>사기</b>를 칠 수는 있지만, 요즘엔... "
61,전세집 강제경매 넘어갔고 <b>전세사기</b> 의심,https://kin.naver.com/qna/detail.naver?d1id=4&dirId=40204&docId=429169524&qb=7KCE7IS47IKs6riw&enc=utf8&section=kin.qna&rank=261&search_sort=0&spq=0,"... 귀하의 주장이 신빙성이 있다면 채권자와 건물주 등을 사기혐의로 형사고소하세요 요즘 <b>전세사기</b>는 사회적문제로 엄하게 다루고 있읍니다 아울러 건물주인 아버지와 아들에 대하여 유,무형의 재산을 조사하여 가압류를 하시기... "
62,<b>전세 사기</b> 구별법,https://kin.naver.com/qna/detail.naver?d1id=4&dirId=4020201&docId=412456838&qb=7KCE7IS47IKs6riw&enc=utf8&section=kin.qna&rank=262&search_sort=0&spq=0,"신축 오피스텔 들어갈 예정인데...혹시 버팀목, 중소기업 대출이가능하면 <b>전세사기</b> 당할 일은 없는거 맞나요? 사기인지 확인하는 팁 있을까요?  80% 산수 하라고 좀 임마 전세금 1.50억 안전하려면 융자 없이 매매가 1.... "
63,공인중개사 협회 소송 가능할까요? (<b>전세사기</b> 피해),https://kin.naver.com/qna/detail.naver?d1id=6&dirId=60202&docId=415907872&qb=7KCE7IS47IKs6riw&enc=utf8&section=kin.qna&rank=263&search_sort=0&spq=0,"다가구 <b>전세사기</b> 피해자입니다. 사기꾼이 수 명의 바지사장을 내세워 세입자들을 모집하고 모두 전세로 채운 뒤 돈 없다고 배째라고하고있는 상황입니다. 우선, 저는 기존 집주인A와 공인중개사 명의 부동산에서 계약을 진행했습니다.... "
64,<b>전세사기</b> / 전세보증금 반환 문의 (HUG보증보험 가입),https://kin.naver.com/qna/detail.naver?d1id=6&dirId=60212&docId=401936745&qb=7KCE7IS47IKs6riw&enc=utf8&section=kin.qna&rank=264&search_sort=0&spq=0,"... 대한변호사협회 등록 형사법 전문변호사로서, 다수의 <b>전세</b>보증금 <b>사기</b>죄 형사 사건을 수행한 경험에 의하면 2. 이전 집주인이 <b>전세</b>보증금 <b>사기</b>를 친 수법 입니다. 3. 지금이라도 경험 있는 변호사를 선임하여 이전 집주인을... "
65,<b>전세사기</b>에 관해서,https://kin.naver.com/qna/detail.naver?d1id=4&dirId=4020201&docId=427359319&qb=7KCE7IS47IKs6riw&enc=utf8&section=kin.qna&rank=265&search_sort=0&spq=0,"... 전세금 1억이고 버팀목 7천, 제돈3천으로 들어가는건데 이런경우도 <b>전세사기</b> 당해서 제 돈 3천을 날릴수가 있나요?  1. 청년 버팀목 7천이 된다면 감정평가액이 잘 나온 것인데.. 우선 아직 계약을 하지 않으셨다면, 월세로 살면서... "
66,<b>전세 사기</b> 안당하려면,https://kin.naver.com/qna/detail.naver?d1id=6&dirId=60103&docId=426319001&qb=7KCE7IS47IKs6riw&enc=utf8&section=kin.qna&rank=266&search_sort=0&spq=0,"... 그래서 제가 5일날 미리 전입신고, 확정일자 해놓으면 <b>사기</b> 예방할 수 있을까요?ㅠㅠ 특약에 일단 이번주에... &lt;답변&gt; 대출을 받는다면 <b>전세</b>자금 대출에 동의한다. 대출이 안 나오면 돌려 받는다. <b>전세</b>계약기간 중에는 근저당 등을... "
67,오피스텔 임대차 <b>전세</b> 관련 <b>사기</b>죄가 성립되는지요.,https://kin.naver.com/qna/detail.naver?d1id=6&dirId=60215&docId=427999686&qb=7KCE7IS47IKs6riw&enc=utf8&section=kin.qna&rank=267&search_sort=0&spq=0,... 결론은 이 과정에서 임대인A와 임대인 B사이에서 만들어낸 역<b>전세</b>를 적극적으로 생긴 내용을 고지받지 못하였습니다. 기망에 의한 <b>사기</b>죄 성립은 어려울까요? 저는 아무런 고지도 받지 못하고 이후 집주인이 바뀌어있고 등기... 
68,<b>전세사기</b> 위험성,https://kin.naver.com/qna/detail.naver?d1id=4&dirId=4020201&docId=421830084&qb=7KCE7IS47IKs6riw&enc=utf8&section=kin.qna&rank=268&search_sort=0&spq=0,"안녕하세요, <b>전세사기</b> 위험성 관련 문의 드립니다. 신혼집을 구하는 중에 신축에 해당하는 빌라에 전세로 들어가기로 했고, 가계약금을 맞췄습니다. 현 임대인은 법인이고, 처음 등기부등본에 세금체납으로 압류가... "
69,임대인이 연락두절입니다. <b>전세 사기</b>를 당한것 같습니다,https://kin.naver.com/qna/detail.naver?d1id=6&dirId=60206&docId=401789799&qb=7KCE7IS47IKs6riw&enc=utf8&section=kin.qna&rank=269&search_sort=0&spq=0,"... 대한변호사협회 등록 형사법 전문변호사로서, 다수의 <b>전세</b>보증금 <b>사기</b>죄 형사사건을 수행한 경험에 의하면 2. 매매계약을 통해서 새로운 임대인이 <b>전세</b>보증금을 반환할 책임이 있습니다. 3. 새 임대인이 경제적인 능력이 없는... "
70,이번에 <b>전세사기</b> 막기 위해 국가에서 발표한 내용 관련... ,https://kin.naver.com/qna/detail.naver?d1id=4&dirId=40204&docId=427523994&qb=7KCE7IS47IKs6riw&enc=utf8&section=kin.qna&rank=270&search_sort=0&spq=0,"... 이번에 <b>전세사기</b> 막기 위해 국가에서 발표한 내용과 그 외 관련하여 질문 드립니다. 1. 임대인은 임차인의 대항력이 발생하기 전에 집 매도나 근저당권 설정할 수 없다 라는 특약을 표준임대차계약서에 넣게 한다는데, 근저당권에... "
71,<b>전세 사기</b> 위험은...? 전세 보증 보험 가입 가능할까요?,https://kin.naver.com/qna/detail.naver?d1id=4&dirId=4020201&docId=430652543&qb=7KCE7IS47IKs6riw&enc=utf8&section=kin.qna&rank=271&search_sort=0&spq=0,"... me/G2VWOBCZ - 집주인 대출 없네요~ - 전세보증보험 들었네요 - 1순위 전세권 설정이네요 (확정일자+전입신고) -&gt; 그런데 <b>전세사기</b> 당하는 쓰레기 국가 헬조선, 불지옥, <b>전세사기</b> 국가 = 대한민국 전세 근저당 계산... "
72,깡통<b>전세 사기</b>여부 확인,https://kin.naver.com/qna/detail.naver?d1id=6&dirId=60202&docId=428557247&qb=7KCE7IS47IKs6riw&enc=utf8&section=kin.qna&rank=272&search_sort=0&spq=0,... 깡통 <b>사기</b>?는 보통 <b>전세</b>금올려달라고 하는경우가 아닌 압류등으로 <b>전세</b>금을 반환받을수 없는경우 입니다. 그때 통상 소유권이 바뀌는경우도 있구요. 등기부등본은 발급 시간이 있는데 시간을 늦게 or 너무 이른 시간에 확인하신건... 
73,(급함)<b>전세사기</b> 및 보증보험 알려주세요,https://kin.naver.com/qna/detail.naver?d1id=4&dirId=4020201&docId=419201324&qb=7KCE7IS47IKs6riw&enc=utf8&section=kin.qna&rank=273&search_sort=0&spq=0,"안녕하세요, <b>전세사기</b>를 당하여 요청드립니다. 허그쪽으로 보증보험은 들어있는 상태이며 당월 17일부터 보증사고 신고가 가능합니다. 집계약 만료 6개월전부터 이사한다는 내용을 남겼으며 답변도 받아놓아 보증사고 신고는 문제가... "
74,<b>전세사기</b> 가능성 있을까요?,https://kin.naver.com/qna/detail.naver?d1id=4&dirId=4020201&docId=426771936&qb=7KCE7IS47IKs6riw&enc=utf8&section=kin.qna&rank=274&search_sort=0&spq=0,... 답변드립니다 계약만료전 임차인이 짐을 빼서 이사를 한것으로 보입니다 잔금일 질문자님은 입주하시면서 전입신고 하시면 됩니다 <b>전세사기</b>라는 것은 집에 선순위로 얼마가 채권최고액이 있는지 이런것이나 또는 집값에 비해... 
75,<b>전세 사기</b>,https://kin.naver.com/qna/detail.naver?d1id=4&dirId=4020201&docId=419134283&qb=7KCE7IS47IKs6riw&enc=utf8&section=kin.qna&rank=275&search_sort=0&spq=0,... <b>전세사기</b>가 많아서 걱정입니다. 이런거 물어볼 사람도 없고해서 <b>전세사기</b>를 안당하는법과 보험같은것좀 자세히 알려주실분 구해요.(전세로 방구하기전 준비할것들 등등..) 그리고 가끔가다 대출안됨이란 방이 있는데 이런 방은 왜... 
76,<b>전세 사기</b> 기소되어 2심항소 하려는데 도와주세요,https://kin.naver.com/qna/detail.naver?d1id=6&dirId=60206&docId=406391403&qb=7KCE7IS47IKs6riw&enc=utf8&section=kin.qna&rank=276&search_sort=0&spq=0,<b>전세사기</b> 혐의로 전세금 5500만원 중에 2500만원 돌려 주지 않아 세입자가 법원에 기소하였고 혐의 인정하여 1심판결에서 징역 8개월 구형함 현재 1800만원 갚고 700만원 남았어요 개인회생 절차 들어가서 어쩌다가 되었구요 최대한... 
77,<b>전세 사기</b> 의심(도와주세요..ㅠㅠ),https://kin.naver.com/qna/detail.naver?d1id=6&dirId=60202&docId=424744597&qb=7KCE7IS47IKs6riw&enc=utf8&section=kin.qna&rank=277&search_sort=0&spq=0,... 일억사천주고 산집을 담보로 일억삼천사백의 대출을 받고 저한테 익억육천의 전세자금을 받는 집주인이 <b>전세 사기</b>를 칠 가능성이 큰것 아닌지... 사기를 안당하고 안전하게 전세계약을 하기 위해 제가 또 할수 있는 방법이... 
78,<b>전세</b>계약 <b>사기</b> 유형?,https://kin.naver.com/qna/detail.naver?d1id=4&dirId=4020201&docId=410637661&qb=7KCE7IS47IKs6riw&enc=utf8&section=kin.qna&rank=278&search_sort=0&spq=0,"... <b>전세사기</b> 유형이 어떤게 있는지 필수로 꼭 확인해야하는 것 알려주세요 1) 임대인 본임임을 확인하고 또 입금도 꼭 그 사람 이름으로 해야하잖아요. 근데 대리인이 진행한다면 위임장, 그리고 인감증명서 제가 받아야하잖아요. 제가... "
79,<b>전세사기</b> 강제집행 소송 변호사분들 도와주세요,https://kin.naver.com/qna/detail.naver?d1id=6&dirId=60202&docId=426056348&qb=7KCE7IS47IKs6riw&enc=utf8&section=kin.qna&rank=279&search_sort=0&spq=0,현 건물 집주인이 사망해서 원룸건물이 경매로 넘어갔고 저는 <b>전세</b>로 들어갔으며 대항력을 가지고 있지만 끝 후순위라 최우선 변제금 밖에 못 받아 몇천 손해보게되었습니다 그래서 죽은 집주인의 다른 건물에 강제집행 소송을... 
80,<b>전세사기</b> 후속대책 국세보다 전세금 먼저돌려준다,https://kin.naver.com/qna/detail.naver?d1id=4&dirId=4020201&docId=429322965&qb=7KCE7IS47IKs6riw&enc=utf8&section=kin.qna&rank=280&search_sort=0&spq=0,"... me/G2VWOBCZ - 집주인 대출 없네요~ - 전세보증보험 들었네요 - 1순위 전세권 설정이네요 (확정일자+전입신고) -&gt; 그런데 <b>전세사기</b> 당하는 쓰레기 국가 헬조선, 불지옥, <b>전세사기</b> 국가 = 대한민국 전세 근저당 계산... "
81,<b>전세</b>계약 대리인 질문 <b>사기</b> 가능성 질문,https://kin.naver.com/qna/detail.naver?d1id=4&dirId=4020201&docId=422175106&qb=7KCE7IS47IKs6riw&enc=utf8&section=kin.qna&rank=281&search_sort=0&spq=0,... 모르는데 <b>전세사기</b> 가능성이 있나요? 집주인 아내가 대신 오는데 아내인걸 확인할 서류?랑 인감 위임장 등등 확인하면 되나요? 집주인이 안오고 집주인 아내가 온다는걸 제가 물어보니까 말 했어요  [전세계약... 
82,중소기업청년전세대출 <b>전세사기</b> 당할경우,https://kin.naver.com/qna/detail.naver?d1id=4&dirId=40203&docId=428269276&qb=7KCE7IS47IKs6riw&enc=utf8&section=kin.qna&rank=282&search_sort=0&spq=0,가령 현재 자금이 4천만원이고 중기청으로 8천만원을 대출 받은 후 1억2천만원 전세에 들어갔을때 <b>전세사기</b>를 당하면 8천만원은 제가 안갚아도되는건가요? 4천만원만 날리게되는건가요? 아니면 1억2천만원 고스란히 다... 
83,<b>전세사기</b> 피하는 방법 궁금합니다.,https://kin.naver.com/qna/detail.naver?d1id=4&dirId=4020201&docId=417377411&qb=7KCE7IS47IKs6riw&enc=utf8&section=kin.qna&rank=283&search_sort=0&spq=0,"... 일단, <b>전세사기</b>를 피하기 위한 가장 좋은 방법은 개인소유주에 매매가의 80% 이하의 전세가, 근저당 확인 등등 피하기 위한 여러가지 방법들은 알고있으나.. 현실적으로 요새 역전세가 심해진 상황이라 제가 알아본 지역에서는... "
84,<b>전세 사기</b>,https://kin.naver.com/qna/detail.naver?d1id=4&dirId=4020201&docId=413385701&qb=7KCE7IS47IKs6riw&enc=utf8&section=kin.qna&rank=284&search_sort=0&spq=0,"... - 집주인 대출 없네요~ - 1순위 전세권 설정이네요 (확정일자+전입신고) -&gt; 그런데 <b>전세사기</b> 당하는 쓰레기 국가 헬조선, 불지옥, <b>전세사기</b> 국가 = 대한민국 [국가가 조장한 갭투기] HUG전세보증보험, 0원 갭투기를 조장하는... "
85,<b>전세사기</b>...,https://kin.naver.com/qna/detail.naver?d1id=4&dirId=4020201&docId=429295193&qb=7KCE7IS47IKs6riw&enc=utf8&section=kin.qna&rank=285&search_sort=0&spq=0,"... 전형적인 <b>전세사기</b> 수법이네요. 집주인은 명의 빌려주는대신 돈을 조금 받았을거고, 부동산도 연류되어 있을 가능성이 높습니다. 지금은 부동산을 상대로 물고 늘어져야할거 같습니다. 부동산사무실이 연락안된다면 내용증명... "
86,오피스텔 <b>전세사기</b> 문의,https://kin.naver.com/qna/detail.naver?d1id=4&dirId=4020201&docId=421160230&qb=7KCE7IS47IKs6riw&enc=utf8&section=kin.qna&rank=286&search_sort=0&spq=0,... me/Fp15Xkq7 전세보증보험을 들면 -&gt; <b>전세사기</b>를 무조건 당한다. (쓰레기 헬-조-선) http://naver.me/FrvbDQS8 루나 코인 = 역<b>전세 사기</b> = 폰지 사기 http://naver.me/GjdlIFpx 역<b>전세 사기</b>! 합법적으로 치세요! (feat. 국토부) http://naver.me/5thT8qm3... 
87,<b>전세 사기</b>,https://kin.naver.com/qna/detail.naver?d1id=4&dirId=4020201&docId=414066814&qb=7KCE7IS47IKs6riw&enc=utf8&section=kin.qna&rank=287&search_sort=0&spq=0,우리나라에서 <b>전세사기</b> 당할 확률이 어느정도 인가요? 그리고 만약 사기 당해도 법적으로 다 돌려받을 수 있죠?  산수를 모르는 우메한 백성만 <b>전세사기</b>를 당하는 것이노라... 백성이 80% 산수를 할 줄 알면 사기 당할 확률은... 
88,<b>전세 사기</b>를 당할 확률이 얼마 정도 되나요?,https://kin.naver.com/qna/detail.naver?d1id=4&dirId=4020201&docId=426661722&qb=7KCE7IS47IKs6riw&enc=utf8&section=kin.qna&rank=288&search_sort=0&spq=0,<b>전세 사기</b>를 당할 확률은 100%기준으로 봤을때 몇프로 정도 될까요? 시세와 공시가 잘 체크하시고 등기부상 소유주와 계약하시고 소유자 통장으로 입금 확정일자. 점유. 전입신고 1순위 이시면 사기 확률은 거의 없엉. 
89,이거 <b>전세 사기</b>인가요?,https://kin.naver.com/qna/detail.naver?d1id=4&dirId=40202&docId=419857845&qb=7KCE7IS47IKs6riw&enc=utf8&section=kin.qna&rank=289&search_sort=0&spq=0,... 공시가 웅엥웅엥 = 그냥 사기야 조심해 전세보증보험을 들면 -&gt; <b>전세사기</b>를 무조건 당한다. (쓰레기 헬-조-선) http://naver.me/FrvbDQS8 전세보증보험 = 국토부가 설계한 치밀한 대 사기극 지금 2020년 전국 공시가율 72% 인데 국토부가... 
90,<b>전세</b>대출 보증금 <b>사기</b>,https://kin.naver.com/qna/detail.naver?d1id=4&dirId=4020201&docId=415789121&qb=7KCE7IS47IKs6riw&enc=utf8&section=kin.qna&rank=290&search_sort=0&spq=0,"... me/IgtykrF4 ---------- - 집주인 대출 없네요~ - 전세보증보험 들었네요 - 1순위 전세권 설정이네요 (확정일자+전입신고) -&gt; 그런데 <b>전세사기</b> 당하는 쓰레기 국가 헬조선, 불지옥, <b>전세사기</b> 국가 = 대한민국 전세 근저당... "
91,<b>전세 사기</b> 질문,https://kin.naver.com/qna/detail.naver?d1id=4&dirId=4020201&docId=426746466&qb=7KCE7IS47IKs6riw&enc=utf8&section=kin.qna&rank=291&search_sort=0&spq=0,... 질문자님께서 <b>전세사기</b>를 당하신것 같습니다. 전세기간 만료 후 퇴실할때 전세보증금을 돌려받지 못하였다면 당연히 법원에 임차권등기명령을 하신것은 잘 하셨습니다. 질문자님께서 입주시 통화내용 또는 대화문자 등 증거가... 
92,신축 빌라 <b>전세사기</b>,https://kin.naver.com/qna/detail.naver?d1id=4&dirId=4020201&docId=413263458&qb=7KCE7IS47IKs6riw&enc=utf8&section=kin.qna&rank=292&search_sort=0&spq=0,신축빌라 <b>전세사기</b>칠때 계약서에 전세보증금 더 높여써서 대출 더 받으라는게 왜 그러는거죠?  그게 왜 그러냐면 공시가 150% 보증보험 때문에 일부러 전세금이 공시가 1.5배 까지 튀어 오르는 거야 국토부에 내가 5번 넘게... 
93,중기청 <b>전세</b>반환보증보험 거절 <b>사기</b>일까요?,https://kin.naver.com/qna/detail.naver?d1id=4&dirId=401030203&docId=417822991&qb=7KCE7IS47IKs6riw&enc=utf8&section=kin.qna&rank=293&search_sort=0&spq=0,"... me/IgtykrF4 ---------- - 집주인 대출 없네요~ - 전세보증보험 들었네요 - 1순위 전세권 설정이네요 (확정일자+전입신고) -&gt; 그런데 <b>전세사기</b> 당하는 쓰레기 국가 헬조선, 불지옥, <b>전세사기</b> 국가 = 대한민국 전세 근저당 계산... "
94,연장신청하려고합니다. 깡통<b>전세 사기</b> 당하나요?,https://kin.naver.com/qna/detail.naver?d1id=4&dirId=4020201&docId=428327526&qb=7KCE7IS47IKs6riw&enc=utf8&section=kin.qna&rank=294&search_sort=0&spq=0,... 어떤 사람말로는 중기청 대출은 깡통전세랑 상관없이 은행에서 직접 꼼꼼하게 매물을 확인 하기때문에 걱정안해도 된다고하는데 맞나요?ㅠㅠㅠ 요즘 자꾸 깡통<b>전세 사기</b> 이야기가 나와서 월세도 생각중입니다. 질문1. 깡통전세랑... 
95,<b>전세 사기</b>를 안 당할려면 어떻게?,https://kin.naver.com/qna/detail.naver?d1id=4&dirId=4020201&docId=426616756&qb=7KCE7IS47IKs6riw&enc=utf8&section=kin.qna&rank=295&search_sort=0&spq=0,"<b>전세 사기</b>를 안 당할려면 계약할때 어떻게 하면 되나요? 1. 근저당 없는 집을 구해야 하며, 2. 근저당 있으면 시세를 알아보고, 여러 사람이 살고 있으면 총 보증금, 전세금의 합을 알아서 빼고도 전세금이 남아야 합니다. 3. 법인이나... "
96,성남개인회생 <b>전세사기</b> 도움부탁드립니다.,https://kin.naver.com/qna/detail.naver?d1id=12&dirId=120915&docId=420624904&qb=7KCE7IS47IKs6riw&enc=utf8&section=kin.qna&rank=296&search_sort=0&spq=0,3주 전쯤..<b>전세사기</b>를 당했습니다. 사기범은 잡았지만 돈은 찾기 어렵다네요. 1금융에서 전세대출 8700만원 있습니다. 직장은 있지만 2년 계약직이고 이제 반 년 조금 넘게 다니고 있습니다. 2년 지나면 정규직 전환 예정이고요. 소득은... 
97,<b>전세사기</b>관련질문,https://kin.naver.com/qna/detail.naver?d1id=4&dirId=4020201&docId=416240644&qb=7KCE7IS47IKs6riw&enc=utf8&section=kin.qna&rank=297&search_sort=0&spq=0,"<b>전세사기</b>안당하는 팁 알려주시고 (내가부동산가서 체크해야될 것들 세세하게) ! 관련한 명칭에 대한 설명도 후하게 알려주세요. 근저당, 융자금 등등의 관련용어 아시는거 다알려주세요! 내공다겁니다. 별도의 팁은 없고 기본적인 것만... "
98,전세금 미반환(<b>전세사기</b>) 형사소송 진행 여부 검토... ,https://kin.naver.com/qna/detail.naver?d1id=6&dirId=602060402&docId=407695921&qb=7KCE7IS47IKs6riw&enc=utf8&section=kin.qna&rank=298&search_sort=0&spq=0,"전세금 미반환(<b>전세사기</b>) 형사소송 진행 여부 검토 부탁드립니다. 1. 계약 : 2019.11.24~2021.11.23 (7천만원 / 확정일자, 전입신고 O) - 당시 근저당 1억 3천만원 있었으나 부동산에서 건물 가격이 20억 정도이니 문제없다고 함 2. 사건 개요 1)... "
99,<b>전세 사기</b> 관련 질문,https://kin.naver.com/qna/detail.naver?d1id=4&dirId=4020201&docId=399926570&qb=7KCE7IS47IKs6riw&enc=utf8&section=kin.qna&rank=299&search_sort=0&spq=0,"허그안심전세대출로 인한 <b>전세사기</b>! 도와주세요 &gt; 대한민국 청와대 (president.go.kr) 요약 - 월세감당이 어려워 안전하다는 허그안심대출을 알아봄, 월세보다 더 적은 이자로 주거가능 - 5/24 허그안심대출로 1억 5천만원 대출 &gt; 집계약 진행... "
