,title,link,description,bloggername,bloggerlink,postdate
0,<b>스타벅스</b> 테이크아웃 리유저블 트라이탄 컵,https://blog.naver.com/chaetle6?Redirect=Log&logNo=222843855707,요즘 어딜가나 챙겨 나가는 컵 저는 신세계 계열사를 재직중이라 <b>스타벅스</b>에 임직원 할인이 가능해서 카페는 항상 <b>스타벅스</b>만 골라서 가게 되더라구요~ 여행을 가더라도 대부분 그 지역의 <b>스타벅스</b>를 가구요... ,뀨,https://blog.naver.com/chaetle6,20220809
1,<b>스타벅스</b> 제주 청귤 라임 에이드 직접 마셔본 후기,https://blog.naver.com/etienne03?Redirect=Log&logNo=222836999230,얼마 전 여름 3차 md 나오는 날 저는 <b>스타벅스</b> 제주 청귤 라임 에이드 마시고 왔어요. 아침부터 친구랑... 이번 <b>스타벅스</b> 신음료는 총 3가지로 제주 청귤 라임 에이드 우리 쑥 크림 프라푸치노 with 콜드 브루 쿨... ,Barbie&apos;s place,https://blog.naver.com/etienne03,20220802
2,스마일클럽 <b>스타벅스</b> 사이즈업 무료 월2회 챙기세요.,https://blog.naver.com/renapark99?Redirect=Log&logNo=222840696655,바로 스마일클럽 <b>스타벅스</b> 사이즈업 무료~! 전국 스벅 매장에서 사용할 수 있는 이 혜택은 아이디 당... 현관에 두고 나왔더라고요 ㅠㅠ 스마일클럽 <b>스타벅스</b> 사이즈업 무료 혜택 받으면서 주문할 때는 최종... ,하루레나의 육아로그 Start small☆,https://blog.naver.com/renapark99,20220805
3,내가 <b>스타벅스</b>에 가지 않는 이유,https://blog.naver.com/bellevuecake?Redirect=Log&logNo=222844227728,"사실 나는 <b>스타벅스</b> 죽순이였다. 특히, 겨울이 너무 길고 추운 미국 동부에 사는 사람에게, 그 중에서도... 하지만, 내가 식비 절약, 절약을 습관화 하기, 부자 습관 따라하기 등을 실행하면서, <b>스타벅스</b>를 한... ",요리하는 미국 부자엄마,https://blog.naver.com/bellevuecake,20220809
4,"냄새나는 <b>스타벅스</b> 서머 캐리백, 더 심각한 문제",https://blog.naver.com/shane70?Redirect=Log&logNo=222793317101,그럼에도 밖에서 일이 있거나 미팅이 있으면 <b>스타벅스</b> 나 커피빈 등을 애용합니다. 그러다보니 #<b>스타벅스</b> #프리퀀시 상품을 빠지지 않고 다 받았습니다. 사실 잘 쓰지도 않는데도 불구하고 다 집에 모여... ,아직은 아냐^ ^ (달도시 블로그),https://blog.naver.com/shane70,20220629
5,<b>스타벅스</b> 우리 쑥 크림 프라푸치노 맛보다/ <b>스타벅스</b> 웰컴레벨... ,https://blog.naver.com/amj5356?Redirect=Log&logNo=222838854078,코로나로 대형마트 안간지가 몇주가 되었어요 신랑 마지막으로 코로나 격리해제되고 마트장보고 왔답니다 간김에 날짜 임박한 기프티콘 쓰고 <b>스타벅스</b> 음료 즐겨주었지요 <b>스타벅스</b> 양산 이마트점 제일 자주... ,왕뽈따구,https://blog.naver.com/amj5356,20220803
6,일산호수공원 <b>스타벅스</b> 리저브 쿨라임피지오 그리고... ,https://blog.naver.com/ariel_0402?Redirect=Log&logNo=222842105457,남편과 함께 일산호수공원 나들이 나와서 식사를 마치고 커피 한잔하러 <b>스타벅스</b>로 출동! 매장에서 음료 이용을 하지 않고 테이크아웃 예정이라 사람이 조금 많아 보였어도 그냥 입장했다. * <b>스타벅스</b>... ,알라미의 블로그,https://blog.naver.com/ariel_0402,20220807
7,<b>스타벅스</b> 신메뉴 우리쑥크림프라푸치노 기프티콘 2개 쓰고... ,https://blog.naver.com/fmfaith?Redirect=Log&logNo=222842222119,"<b>스타벅스</b> 신메뉴 우리쑥크림프라푸치노 기프티콘 2개 쓰고, 별적립 6개 <b>스타벅스</b>기프티콘 <b>스타벅스</b>별적립 <b>스타벅스</b>메뉴 <b>스타벅스</b> 신메뉴가 나온 지 벌써 보름이나 지났더라구요. 휴가 갔다 와서 블로그... ",헬씨 라이프,https://blog.naver.com/fmfaith,20220807
8,[미국주식] <b>스타벅스</b>(SBUX) &apos;22년 2분기 실적발표(22.08.02),https://blog.naver.com/dark_blitz?Redirect=Log&logNo=222843398776,"나의 최애 <b>스타벅스</b>도 실적을 발표했다. 늦은 포스팅이지만, 예상외의 호실적을 발표하면서... 솔직히 중국 봉쇄가 현재 해소되고 있는 시점이므로, <b>스타벅스</b> 기준으로 실적은 바닥을 치고 상승하지... ",까얄로그,https://blog.naver.com/dark_blitz,20220809
9,영도카페: 영도에 두번째 <b>스타벅스</b> (영도청학DT점),https://blog.naver.com/goswn1022?Redirect=Log&logNo=222833483908,영도에 두번째 <b>스타벅스</b>가 생기다니 엄마가 청학동에 지금 짓고있는거 <b>스타벅스</b>인가 그렇다는데? 하길래 <b>스타벅스</b>가 뭐를 위해서 여기 안쪽까지 들어오겠어? 라며 사업에 영 보는 눈이 없는 내가 말했다..... ,힘을내는블로그,https://blog.naver.com/goswn1022,20220729
10,<b>스타벅스</b> 쿨서머캐모마일블렌디드 우리쑥크림프라푸치노... ,https://blog.naver.com/nowwegom?Redirect=Log&logNo=222831767408,<b>스타벅스</b> 쿨서머캐모마일블렌디드 주세요 헉헉 이름만큼이나 맛도 독특했던 두 가지 음료를 한 번... 요번에는 <b>스타벅스</b> 쿨서머캐모마일블렌디드에 기대를 걸어본다. 왜냐면 캐모마일 이름 붙은 건 대부분... ,먹기 위해 사는 위장 환자,https://blog.naver.com/nowwegom,20220728
11,페낭 바투페링기 <b>스타벅스</b> 접이식 텀블러 &amp; 베어리스타 마그넷,https://blog.naver.com/balovej?Redirect=Log&logNo=222844693626,온 <b>스타벅스</b> 저기로 쭉나가면 역시 바다로 연결되어있음 비치쪽은 이런모습 <b>스타벅스</b>에 썬배드라  2020년 1월이여서 쥐 상품들이 가득하네요 ㅋㅋㅋㅋㅋ 저 빨간쥐는 뭐에쓰는 물건인고 ㅋㅋ 난 요고에 꽂혔당... ,"never, neverland",https://blog.naver.com/balovej,20220810
12,춘천 구봉산 카페 <b>스타벅스</b> 춘천구봉산R점,https://blog.naver.com/jagger0723?Redirect=Log&logNo=222838619116,춘천 구봉산 카페 <b>스타벅스</b> 춘천구봉산R점 근래 춘천을 몇번 가고 있네요 ㅎㅎㅎ 카페들이 모여있는 그... 전망대 <b>스타벅스</b>에서 커피 한잔 했어요. 춘천 구봉산전망대카페거리에는 유명한 춘천카페 산토리니를... ,천국나그네의 세상여행,https://blog.naver.com/jagger0723,20220804
13,땡큐 쿠폰으로 맛있는 음료 마시고 <b>스타벅스</b> 서머 캐리백 대체... ,https://blog.naver.com/nicec8888888?Redirect=Log&logNo=222844306065,서머 캐리백 사고친 <b>스타벅스</b>님이 ⭐️ 오라고 하셔서 반납 고고싱 쉽게 구한 레드와 매일 오전 7시... 룰루랄라 ♂️♀️<b>스타벅스</b> 고고싱 두 박스라 총 6장 음료 쿠폰을 받았지요. 직원분이 두 박스를 보자마자... ,건강은 선택이 아니라 필수,https://blog.naver.com/nicec8888888,20220809
14,이유식 보냉백 :) 분유 보냉백으로도 사용 가능한 <b>스타벅스</b>... ,https://blog.naver.com/ddiamosho?Redirect=Log&logNo=222844279480,이유식 보냉백 :) 분유 보냉백으로도 사용 가능한 <b>스타벅스</b> 투고 쿨링백 쏘링이 제일 좋아하는 여름에 <b>스타벅스</b> MD를 제대로 구경도 못하고 지나갔어요 - ! 헤헤 <b>스타벅스</b> 여름MD가 한창인 시기에 출산과... ,"쏘링의 요즘너말야 ♪ ALOHA , OHANA",https://blog.naver.com/ddiamosho,20220810
15,<b>스타벅스</b> 캐리백 교환 및 보상받기,https://blog.naver.com/matrixjh?Redirect=Log&logNo=222842088173,<b>스타벅스</b> 서머 캐리백 음료쿠폰 교환과 추가보상 STARBUCKS 하아..결국 오징어 냄새로 큰 이슈가 되었던... 원가절감시킨 &amp; 최저가업체로 입찰시킨 <b>스타벅스</b> 담당자는 어케되려나...쩝.. 암튼 발암물질은... ,추억은 아름다운 기억,https://blog.naver.com/matrixjh,20220807
16,<b>스타벅스</b> 조직문화 (직원 제일의 우선순위!),https://blog.naver.com/ch12524?Redirect=Log&logNo=222843176509,"커피보다 중요한 것, <b>스타벅스</b> (직원 제일의 우선순위!) 2017.10.24. [<b>스타벅스</b> 조직문화] 문화가 중요한 이유는 '나는 누구인가'에 관한 문제이기 때문입니다. 모든 구성원은 문화에 맞춰 지내게 됩니다. 리더가... ",어제 보다 행복한 오늘~,https://blog.naver.com/ch12524,20220808
17,<b>스타벅스</b> 서머캐리백 포름알데히드 제거 후기,https://blog.naver.com/shane70?Redirect=Log&logNo=222829544868,#<b>스타벅스</b> #캐리백 에 뿌리려고 준비한 #액상형 #알델리트 입니다. 1병 세트를 준비했습니다. 알델리트... 바꿔 먹을지는 모르겠습니다. 이제 장장 3일에 걸친 #<b>스타벅스</b> 늪에서 벗어날 수 있을 듯 합니다.,아직은 아냐^ ^ (달도시 블로그),https://blog.naver.com/shane70,20220726
18,<b>스타벅스</b> 캐리백 음료3잔 쿠폰으로 교환완료 | 3만원권 e 카드... ,https://blog.naver.com/ppabam2?Redirect=Log&logNo=222842992180,지난주 <b>스타벅스</b> 캐리백 반환하고 무료음료 3잔쿠폰 받았다. 가방이 3개나되서 차마 카페까지 들고가고... <b>스타벅스</b>에 캐리백을 가져다주면 위의 이미지처럼 영수증 쿠폰을 1개의 캐리백당 3장씩 받게 된다.... ,빠밤이,https://blog.naver.com/ppabam2,20220808
19,<b>스타벅스</b> 캐리백 대체 굿즈,https://blog.naver.com/haja1203?Redirect=Log&logNo=222842430373,"한참을 <b>스타벅스</b> 캐리백에 대한 논란이 끊이질 않더니, 결국 정식 고객 사과문을 발표하고 두 가지... 땡기지 않는 저 사무직스러운 굿즈 기카로 가야겠네 <b>스타벅스</b>는.... 나에게 있어서도 나름 대학시절부터... ",Remember my good memories!,https://blog.naver.com/haja1203,20220808
20,[여의도 카페/<b>스타벅스</b> 샛강역점] 쾌적하다! 주차가능한 여의도... ,https://blog.naver.com/radolkms?Redirect=Log&logNo=222836993809,샛강에서 가깝고 쾌적한 <b>스타벅스</b> (starbucks) 샛강역점 라돌 입니다 오늘은 여의도 주차가능한 카페... 주차 시간이랑 주차 할인 받는 법은 본문에 넣어놓을게요 ^^ 바로 오늘 소개시켜드릴 곳은 &quot;<b>스타벅스</b>... ,라돌° 인생을 포스팅 |라인포|,https://blog.naver.com/radolkms,20220808
21,제주 <b>스타벅스</b> 한정메뉴 md 리저브 매장까지.,https://blog.naver.com/queen77577?Redirect=Log&logNo=222835206833,오늘은 제주 <b>스타벅스</b>에 다녀온 후기를 보여드리려고 합니다. 저는 평소에 스벅을 그다지 자주... 제주 <b>스타벅스</b> 리저브 매장 처음으로 방문한 곳은 신화 월드 지점입니다. 신화월드 랜딩관 지하 1층에... ,마녀씨의 힐링 스토리,https://blog.naver.com/queen77577,20220731
22,양평 양강섬 산책하고 <b>스타벅스</b> 더양평 브런치 브리오슈,https://blog.naver.com/yipi1000?Redirect=Log&logNo=222841520215,보이는 <b>스타벅스</b> 더양평 건물 양강섬은 지도에 한강1공구야외무대라고 나오는 곳으로 <b>스타벅스</b> 더양평DTR점 건너편! 주말에도 조용히 차분하게 걷거나 소소한 운동을 할 수 있어서 좋아요~ 산책길이 잘... ,아무도 모르는 블로그,https://blog.naver.com/yipi1000,20220807
23,"<b>스타벅스</b> 투고그린 쿨링백 구매, 내돈내산 솔직후기 : )",https://blog.naver.com/kmj1874?Redirect=Log&logNo=222836628486,아 이건 안되겄다 ㅋㅋㅋㅋ 지혜랑 내꺼 하라는거구나 #<b>스타벅스</b>그린투고쿨링백가격 가격은 2.6이고요... 저랑 친구꺼 두개를 구입 했구요 #<b>스타벅스</b>할인카드 중에 만약 국민은행노리카드..(저는 펭수카드)가... ,쭌쮜로그 :),https://blog.naver.com/kmj1874,20220801
24,&lt;7_4 주간일기&gt; <b>스타벅스</b> 서머캐리백의 배신,https://blog.naver.com/pooh0512?Redirect=Log&logNo=222833604029,뉴스는 <b>스타벅스</b>의 배신이 아닐까 싶다. 정말 화가난다. 나는 내 블로그를 통해서도 굉장히 스벅빠의 면모를 많이 보여줬다. 그만큼 아주 어릴때부터 <b>스타벅스</b>를 사랑했던 고객이다. 그리고 언제부터인가... ,시간의마법사,https://blog.naver.com/pooh0512,20220729
25,태국 치앙마이 카페 모음 /노트북 일하기 좋은 곳 <b>스타벅스</b> 포함,https://blog.naver.com/rosekim1102?Redirect=Log&logNo=222842430839,"그리고, 치앙마이 노트북 일하기 좋은 카페 중 하나인 <b>스타벅스</b>. 지난번엔 올드타운에 머무를 때가 많아서 타패게이트 앞 <b>스타벅스</b>에 두 번 정도 방문했다. ▼올드타운 호텔, 마음에 들었던 곳 &amp; 늘... ",Luna&apos;s World *여행하는 여행컨설턴트*,https://blog.naver.com/rosekim1102,20220808
26,[남이섬여행/맛집]아리수 닭갈비와 남이섬이 보이는 <b>스타벅스</b>,https://blog.naver.com/ene0410?Redirect=Log&logNo=222843447952,옆에 <b>스타벅스</b>로 가보기로 했다 사장님께 주차해두고 다녀 와도 되냐고 물어보니 흔쾌이 하라고해주셨다 바로 옆 <b>스타벅스</b>에서 시원한 아이스아메리카노와 카푸치노를 마시고 다행히 비가 그친 틈을 타서 배를... ,쌍둥이자매의 신나는 세계여행,https://blog.naver.com/ene0410,20220809
27,"8월 첫 주! 건전한 요즘, <b>스타벅스</b> 캐리백 어쩔!",https://blog.naver.com/anixmana?Redirect=Log&logNo=222839178480,"<b>스타벅스</b>... 이번 캐리백 사태로 <b>스타벅스</b>가 참.. 말이 많습니다. <b>스타벅스</b>의 도전정신은 눈여겨볼만 합니다. 다른 나라에서도 하는지는 모르겠지만, 이정도로 열정적으로 굿즈 행사를 하는 것 같지는 않습니다.... ",多.重.人.格.~ 변덕쟁이 보헤미안 ~,https://blog.naver.com/anixmana,20220804
28,대전 유성구 도룡동 오노마호텔 38층 <b>스타벅스</b> 엑스포 스카이점,https://blog.naver.com/kidart01?Redirect=Log&logNo=222840091267,제가 <b>스타벅스</b>를 좋아하고 커피를 좋아하고 ... 그런 건 아닌데 ㅋㅋ 기프티콘이 생기면 어느새 날짜가 임박해져서 ... ㅎ 전망 좋은 <b>스타벅스</b>에 가서 여유를 부리다 오는 시간을 마련합니다^^ 지난번 대전 신세계... ,신기루,https://blog.naver.com/kidart01,20220806
29,<b>스타벅스</b> 비아 아이스커피 맛보기(+sweetened이였다니..!!),https://blog.naver.com/hsuni_love?Redirect=Log&logNo=222838365735,<b>스타벅스</b>갔다가 매대옆에 바로 아이스커피가 보이길래 샀는데 집에와서 살펴보니 스윗튼..? 설탕이... 있음 <b>스타벅스</b> 비아 스위튼 아이스커피 포장도 시원한 바다를 연상케하는 블루블루~ 스틱도 꽤... ,즐거운 상상♥,https://blog.naver.com/hsuni_love,20220803
30,대전 당일치기 데이트 갈만한곳 전망대 <b>스타벅스</b>,https://blog.naver.com/tnwlsdl702?Redirect=Log&logNo=222839445671,대전 당일치기 데이트 갈만한곳 전망대 <b>스타벅스</b> 대전 데이트코스로 인기 좋은 전망대 <b>스타벅스</b> 이야기만 들어 보다가 대전 여행 당일치기로 신세계백화점이랑 같이 들리기 좋아서 찾아 가보았어요 가보니 진짜... ,책상에서 즐기는여행이야기,https://blog.naver.com/tnwlsdl702,20220804
31,<b>스타벅스</b> 서머캐리백 대체상품 3만원 리워드 카드로... ,https://blog.naver.com/beargobear?Redirect=Log&logNo=222844141281,ㅠ_ㅠ 어쨌든 지난 주에는 미뤄왔던 서머캐리백을 가져와서 <b>스타벅스</b>에가서 땡큐쿠폰으로 바꿨습니당.... 서머캐리백 대체상품은 8/22일까지 <b>스타벅스</b> 어플에서 신청 가능합니다. 그냥 원하시는 것 누르고... ,Fun My Life,https://blog.naver.com/beargobear,20220809
32,사이더오더 <b>스타벅스</b> 우리 쑥 크림 프라푸치노 with 콜드브루... ,https://blog.naver.com/ohmok9531?Redirect=Log&logNo=222844118563,"사이더오더 <b>스타벅스</b> 우리 쑥 크림 프라푸치노 with 콜드브루 미숫가루 맛 <b>스타벅스</b>에서 가끔 행사를 하는데 지금은 끝났습니다. 지정 음료를 마시고, 개인컵 사용하고, 사이더오더 주문하면 별 5개 적립이... ",오목의 체험공간,https://blog.naver.com/ohmok9531,20220810
33,<b>스타벅스</b> 제주청귤라임에이드/루벤 샌드위치,https://blog.naver.com/rira8989?Redirect=Log&logNo=222833754090,이번주 화요일날 <b>스타벅스</b> 신메뉴가 나왔어요! 어떤걸 먹어볼까 고민하다가 이번 <b>스타벅스</b> 루벤 샌드위치도 궁금하고 제주청귤라임에이드도 비쥬얼이 예뻐 두가지를 먹어보기위해 방문했답니다 ㅎㅎ 이번... ,리라리:)언제나 변함없이,https://blog.naver.com/rira8989,20220729
34,"애월 해안도로를 따라 한담해안 야경, 다락쉼터, <b>스타벅스</b>... ",https://blog.naver.com/gilde613?Redirect=Log&logNo=222843271442,"날씨가 흐린날, 비오는날이 많아서 그렇쵸 ㅠㅠㅠ 애월 해안도로에서 만날 수 있는 <b>스타벅스</b> #<b>스타벅스</b>제주애월DT점 드라이브 스루도 되고 오션뷰도 좋은 아침에 들리기 좋은 <b>스타벅스</b>랍니다 제주의 아침... ",황복이의 추억여행,https://blog.naver.com/gilde613,20220808
35,발리 초대형 <b>스타벅스</b>,https://blog.naver.com/wks0102?Redirect=Log&logNo=222838511480,<b>스타벅스</b> 리저브 데와타 (Starbucks Reserve Dewata) 발리에서 꼭 방문해야 할 새로운 Instagram 명소가 생겼네요! 발리 리저브 데와따 <b>스타벅스</b>는 커피 농장을 보유한 동남아시아에서 가장 큰... ,발리 자유여행 가이드 프리스타일 발리,https://blog.naver.com/wks0102,20220803
36,<b>스타벅스</b> 서머 캐리백 대체 보상 &apos;데스크 모듈&apos;,https://blog.naver.com/kbsomang?Redirect=Log&logNo=222844609098,요즘 핫한 이슈 중 하나가 <b>스타벅스</b> 캐리백의 유해물 검출 사건인데요 해당 캐리백을 대체하는 굿즈 제공에 대한 <b>스타벅스</b> 공식 입장이 어제 나왔는데 많은 분들이 해당 상품을 받았다고 하셔서... ,SURE SURE # 쉬워쉬워,https://blog.naver.com/kbsomang,20220810
37,<b>스타벅스</b> 서머캐리백 대체 상품 신청하기,https://blog.naver.com/hungry5253?Redirect=Log&logNo=222843868088,"다만,C타입 충전 케이블과 어댑터는 미포함이라네요.허허~ <b>스타벅스</b> 모바일 앱을 통해서만 신청이 가능해요. 메인화면 사과문 공지 바로 밑에 신청안내공지를 눌러주세요. 중간에 [대체상품신청하러가기]를... ",.....연인비의 소소한 이야기....,https://blog.naver.com/hungry5253,20220809
38,<b>스타벅스</b> SS루시 레터 슬리브 텀블러(화이트) | 6개월+a 사용후기,https://blog.naver.com/7979hskim?Redirect=Log&logNo=222839855551,"하나, &lt;<b>스타벅스</b> SS루시 레터 슬리브 텀블러&gt; 사용 후기입니다. 용량은 톨사이즈(355ml)로, 가격은 3만 원대 초반에 구입한 것으로 기억합니다. 현재는(2022년 08월) 단종된 상태예요. 친환경 정책으로 <b>스타벅스</b>가... ",티아카이브,https://blog.naver.com/7979hskim,20220804
39,[<b>스타벅스</b> 신메뉴] 블루베리 쏙 수플레 치즈케이크 솔직후기 및... ,https://blog.naver.com/cocxox261?Redirect=Log&logNo=222841758881,안녕하세요 쩌아입니다~ 오랜만에 <b>스타벅스</b>에 블로그도 쓸 겸 바깥공기와 에어컨도 쐴겸? ㅋㅋㅋ... 와 진짜 이거 요즘 제 인스타피드에 떠서 집에 마련하고 싶었는데 (응?) <b>스타벅스</b>에 이렇게 마련되어... ,하늘로 뛰어보자 with 쩌아,https://blog.naver.com/cocxox261,20220807
40,"8월 1주차 주간일기 (나이키 덩크로우, <b>스타벅스</b> 써머... ",https://blog.naver.com/redwave102?Redirect=Log&logNo=222842365845,"회사처럼 출근하고 있는 <b>스타벅스</b>. 굿즈 때문에 <b>스타벅스</b>를 이용하고 있는 건 아니지만, 상, 하반기에 진행되던 e프리퀀시 상품은 은근히 반갑다. 어차피 마실 커피 상품까지 준다니 마다할 이윤 없으니깐.... ",IT 에스프레소,https://blog.naver.com/redwave102,20220807
41,<b>스타벅스</b> 서머캐리백 대체 상품 <b>스타벅스</b> 데스크모듈 or 3만원... ,https://blog.naver.com/kwljk?Redirect=Log&logNo=222844552481,많은 사람들의 궁금증을 자아냈던 #<b>스타벅스</b> #서머캐리백대체상품 드디어 어제 공개되었다 8월 9일부터 8월 22일까지 신청하면 되고 대체상품은 바로 #<b>스타벅스</b>데스크모듈 그냥 한 마디로 말하면... ,Lies only lead to more lies,https://blog.naver.com/kwljk,20220810
42,<b>스타벅스</b> 서머 캐리백 교환받은 후기(교환관련 내용 정리),https://blog.naver.com/yunah7539?Redirect=Log&logNo=222843370923,"눈물을 머금고 교환해왔어요 <b>스타벅스</b> 서머 캐리백 지금 <b>스타벅스</b>에 들어가면 볼 수 있는 캐리백 관련 내용 일단 정리를 해보자면 캐리백 교환관련 정보 첫번째, 굿즈는 아직 제작중으로 나중에 안내예정... ","EVERY DAY, SALLY DAY:",https://blog.naver.com/yunah7539,20220808
43,<b>스타벅스</b> 2022 써머 실리콘 컨테이너 실물 후기,https://blog.naver.com/p0pp0?Redirect=Log&logNo=222833140564,2022년의 마지막 <b>스타벅스</b> 써머 MD 상품이 될 것 같다! 일단 스벅 어플에서 커밍순 예고편을 보고 바아로~ 요 실리콘 반찬통 ㅎㅎ 이 눈에 쏙 들어왔는데 출시일에 맞춰 회사 근처 <b>스타벅스</b>에 가보니 역시나... ,햄토링 데이로그 ♩,https://blog.naver.com/p0pp0,20220728
44,<b>스타벅스</b> 쿠폰 어플등록하고 사이렌오더 쿠폰사용 주문하기... ,https://blog.naver.com/hng0806?Redirect=Log&logNo=222842608466,이번에 가방 한개 반품하고 <b>스타벅스</b> 땡큐쿠폰 3장을 받았어요 1장은 받자마자 바로 사용했고 나머지 2장은 <b>스타벅스</b> 어플에 쿠폰을 등록시켰어요 땡큐쿠폰 전 사이즈 가능! <b>스타벅스</b> 어플에 들어오면 별... ,보통날 남김,https://blog.naver.com/hng0806,20220808
45,<b>스타벅스</b> 미디엄 로스트 아메리카노/  커피글라스 받으려고... ,https://blog.naver.com/ciel82321?Redirect=Log&logNo=222838857532,기웃거리다 #<b>스타벅스</b>미디엄로스트아메리카노 여름한정 글라스 증정 상품을 보게 되었다. 나도 유리잔에 기분내며 커피를 마시고 싶어서 두개나 구매를 했다. #<b>스타벅스</b>미디엄로스트 현재는 쓱닷컴 사이트에... ,지구별여행자,https://blog.naver.com/ciel82321,20220803
46,"<b>스타벅스</b> 써머캐리백 대체 상품, 반품(음료쿠폰 교환) 등",https://blog.naver.com/bean827?Redirect=Log&logNo=222844243066,"* <b>스타벅스</b> 써머 이벤트로 써머캐리백을 제공했는데, 여기서 포름알데하이드가 검출되는 이슈가... 밑에 자세히 <b>스타벅스</b>의 공지사항을 붙여놨지만, 사실 그냥 써도 문제가 될 정도는 아닌 것 같다.(반품하기... ",bean&apos;s diary,https://blog.naver.com/bean827,20220809
47,주말에 공부하기 좋은 카페 <b>스타벅스</b> 독산역점,https://blog.naver.com/ifp1592?Redirect=Log&logNo=222838497236,그래서 <b>스타벅스</b>가 인기가 높습니다 .<b>스타벅스</b> 커피가 솔직히 맛은 없습니다. 탄 커피의 대명사잖아요. 다만 라떼 같이 커피에 우유 첨가하는 커피는 맛이 그런대로 좋고 스벅도 라떼류를 밀고 있습니다. 무료... ,여기영화IT수다,https://blog.naver.com/ifp1592,20220803
48,<b>스타벅스</b> 서머 캐리백 대체 상품(데스크 모듈) or 3만원 리워드... ,https://blog.naver.com/waneestory?Redirect=Log&logNo=222843966798,한동안 발암 물질 유출로 난리났던 <b>스타벅스</b> 서머 캐리백을 회수함과 동시에 대체 상품 혹은 3만원권... <b>스타벅스</b> 캐리백 대체 상품 신청 방법 <b>스타벅스</b> 어플에서 8월 22일까지. 어플에 들어오면 바로 이렇게... ,날씨를 파는 가게,https://blog.naver.com/waneestory,20220809
49,[<b>스타벅스</b> 네이버1784 : 색다른 <b>스타벅스</b>를 찾으신다면 여기로!],https://blog.naver.com/happystories?Redirect=Log&logNo=222842355012,오늘은 잠시 아이들이 시댁에 있는 동안 남편과 <b>스타벅스</b> 1784에 다녀왔습니다. 사실 <b>스타벅스</b>에 간 이유는 바로 그 문제의 <b>스타벅스</b> 캐리백 -.-;;; 저에게는 두 개의 캐리백이 있었습니다. 계속 찜찜하게... ,더베맘의 행복한 엄마. 행복한 육아,https://blog.naver.com/happystories,20220807
50,[주간일기]8월1주: <b>스타벅스</b> 카페라떼 샷의 비밀,https://blog.naver.com/matrixjh?Redirect=Log&logNo=222841520247,주간일기 09차 :: 8월1주 Weekly Diary <b>스타벅스</b> 톨 라떼가 원샷이었다니.. 몇 일 전 자주가는 까페글을 보다가 발견한 충격적인 사실.. <b>스타벅스</b> 카페라떼 톨사이즈에 샷이 하나만 들어간다고?????????? 엥???... ,추억은 아름다운 기억,https://blog.naver.com/matrixjh,20220807
51,<b>스타벅스</b> 서머 캐리백을 음료쿠폰으로 교환,https://blog.naver.com/hungry5253?Redirect=Log&logNo=222837166854,<b>스타벅스</b>코리아가 여름 프리퀀시 이벤트로 진행했던 제품중 서머캐리백에서 발암물질 폼알데하이드가 검출된 시험성적서를 제출하며 공식사과를 발표했네요. 참…흠…ㅜㅜ @<b>스타벅스</b>코리아 홈페이지... ,.....연인비의 소소한 이야기....,https://blog.naver.com/hungry5253,20220802
52,<b>스타벅스</b> 서머 캐리백 대체품... 3가지 버전 or <b>스타벅스</b> 카드,https://blog.naver.com/ameliepink?Redirect=Log&logNo=222844008431,<b>스타벅스</b> 서머 캐리백 대체품 데스크 모듈 3가지 버전 드디어 #서머캐리백대체상품 정보가 떴네요.... <b>스타벅스</b>를 그동안 애정해 본 이용자 입장에서 보면 처음부터 좀 잘하지.. 이런 생각은 끝까지 놓을 수가... ,핑크빛 가득한 아멜리에,https://blog.naver.com/ameliepink,20220809
53,춘천카페 :: 춘천호가 보이는 카페뷰 &amp; 구봉산 <b>스타벅스</b> 리저브,https://blog.naver.com/chita000?Redirect=Log&logNo=222843368608,구봉산 <b>스타벅스</b> 리저브점 살짝 아쉬운 저녁식사를 마치고 남편이 그냥 숙소로 돌아가기 아쉽다며... 여러 유명한 카페들이 많지만 결국엔 <b>스타벅스</b>로 오게 되었네 2020.5월에 방문한 이후 두번째 방문이다.... ,"월세로 세계여행, 줄여서 [월.세]",https://blog.naver.com/chita000,20220809
54,롯데카드 마이데이터 이벤트 <b>스타벅스</b>2잔+엘포인트,https://blog.naver.com/xuenxu?Redirect=Log&logNo=222771187168,"1,2번은 <b>스타벅스</b> 기프티콘 바로 지급. 3~4번은 엘포인트를 100~1,000점 랜덤 지급해준데요. 4가지 모두 했더니... 혜택 1번에서 엘포인트 3000점 미션 1,2번에서 <b>스타벅스</b> 기프티콘 2매 (기프티콘이 따로 문자로... ",재테크의 여왕 슈엔슈,https://blog.naver.com/xuenxu,20220613
55,<b>스타벅스</b> 서머 캐리백 교환 후기 / 음료 쿠폰 3장 + 추후... ,https://blog.naver.com/dlgywjddlaz?Redirect=Log&logNo=222843467540,ㄷㄷㄷㄷㄷ회사를 그만두기 전에 차카신 팀원분께서 직접 <b>스타벅스</b>에서 2022 프리퀀시를 모아서 받으신 <b>스타벅스</b> 굿즈인 <b>스타벅스</b> 서머 캐리백을 사용하지 않으신다고 퇴사 기념 선물 겸 챙겨주셨었다bd 근데... ,윱촙의 하루,https://blog.naver.com/dlgywjddlaz,20220809
56,<b>스타벅스</b> 캐리백 교환,https://blog.naver.com/kus9388?Redirect=Log&logNo=222836919246,안녕하세요!ㅎㅎ <b>스타벅스</b> 캐리백 교환했다고 블로그에도 쓴 적이 있었는데요. 이런 이슈가 있는지 늦게 알았어요.ㅜㅜ <b>스타벅스</b> 캐리백에서 포름알데히드라는 독성물질이 검출 &gt; 캐리백 수거 + 땡큐쿠폰 3장과... ,취미부자의 기록장,https://blog.naver.com/kus9388,20220801
57,<b>스타벅스</b> 서머 캐리백 대체 상품 신청 진행 중 (feat. 데스크... ,https://blog.naver.com/yankees87?Redirect=Log&logNo=222844090014,애증의 녀석 출장 중 <b>스타벅스</b> 사이렌 오더를 이용하려고 앱을 들어갔더니 드디어 <b>스타벅스</b> 서머 캐리백 대체 상품 신청이 진행 중이었다. 진짜 저 베이지색 캐리어 얻으려고 실시간 재고 실시간으로 체크하고... ,사소한 생각 간소한 일상,https://blog.naver.com/yankees87,20220809
58,<b>스타벅스</b> 아이스자몽허니블랙티 맛있다 앗싸 별적립2개,https://blog.naver.com/amj5356?Redirect=Log&logNo=222842994276,있는 <b>스타벅스</b> 남양산 IC DT점 항상 붐비고 손님이 많은곳이라죠 먹고싶던 자몽허니 블랙티 2잔... 앞전엔 <b>스타벅스</b>카드 결제해서 별적립 된거였네요 암튼 그린레벨은 곧 될듯하고 골드까지 천천히... ,왕뽈따구,https://blog.naver.com/amj5356,20220808
59,익선동목장 / <b>스타벅스</b> 텀블러 / 교촌치킨 블랙시크릿 / 주간일기,https://blog.naver.com/some_about?Redirect=Log&logNo=222840139302,하늘은 너무 예뻤지만 대.단.히 Hot 한 날씨 #주간일기 #익선동맛집 #익선동목장 더위에 멀리하는 고기지만 여긴 구워줌 :) 벌써 3번째 #<b>스타벅스</b>텀블러 노랑이 'SS 프레쉬 아이슬란드 텀블러' 475ml <b>스타벅스</b>... ,Melissa&apos;s Room,https://blog.naver.com/some_about,20220805
60,"일본 <b>스타벅스</b>, 여름 이벤트 사전공개",https://esendial.tistory.com/9177,"일본 <b>스타벅스</b> 메일링은 꾸준하게 받아서 봤지만, 올리는 건 오랜만입니다. 이번에는 신작 프라푸치노... 말장난인거죠.-ㅠ- 복숭아 알레르기가 있다면 <b>스타벅스</b> 근처에도 가고 싶지 않을 메뉴지만... ",Cafe Esendial - 3 :: Cafe Esendial - 3,https://esendial.tistory.com/,20220706
61,"[제주 동쪽 여행] 서우봉과 함덕해수욕장, 카페 델문도, <b>스타벅스</b>",https://blog.naver.com/buboek?Redirect=Log&logNo=222841537122,그래서 함덕 해수욕장 앞에 있는 <b>스타벅스</b>로 자리를 옮겼다. 마침 무료 음료 쿠폰도 있겠다 <b>스타벅스</b> 제주 한정 메뉴도 먹고 싶었다. 한라봉 모히또 블렌디드와 한라봉 케이크. 케이크는 맛있고 모히또... ,샬랄라 책 읽는 시간은 즐거워,https://blog.naver.com/buboek,20220807
62,[<b>스타벅스</b> 영어] 여러분들의 <b>스타벅스</b>는?,https://blog.naver.com/esolution24?Redirect=Log&logNo=222842546450,여러분들은 <b>스타벅스</b> (별다방) 많이 들리시나요? 요즘 <b>스타벅스</b>의 고객증정품인 썸머캐리백 발암물질 이슈로 말도 많고 탈도 많은데요. 대부분의 고객이 진정으로 원하는 것은... ,전화영어 콜앤톡 공식블로그,https://blog.naver.com/esolution24,20220808
63,<b>스타벅스</b> 서머 캐리백 대체 굿즈 &apos;<b>스타벅스</b> 데스크 모듈&apos; 신청,https://blog.naver.com/dhpd10?Redirect=Log&logNo=222844524244,지난 달 유해물질이 검출되었던 <b>스타벅스</b> 서머 캐리백 때문에 스벅의 이미지가 적잖은 타격을 받았는데요. <b>스타벅스</b>는 재빠르게 캐리백 회수와 함께 무료음료 쿠폰 3개를 제공하는 것으로 마무리 지으려다..... ,경제적 자유연습,https://blog.naver.com/dhpd10,20220810
64,<b>스타벅스</b> 서머캐리백 대체상품 신청 8/9 ~ 8/22,https://blog.naver.com/purple4ever?Redirect=Log&logNo=222844188341,<b>스타벅스</b> 서머캐리백 대체 상품 신청 관련 공지가 떴다. 오늘부터 신청이니 꼭 원하는 제품이 있는 분들은 빠르게 신청하는게 좋을 듯 하다. 아래는 <b>스타벅스</b> 어플에 나온 공지문을 캡쳐한 내용 서머 캐리백... ,"Blog, Purple",https://blog.naver.com/purple4ever,20220809
65,<b>스타벅스</b> 자몽 허니 블랙티 먹으러 갔는데 돌체라떼로....,https://blog.naver.com/amj5356?Redirect=Log&logNo=222840688234,<b>스타벅스</b>에 기프티콘 쓰러 갔어요 미리 <b>스타벅스</b> 베스트 음료 검색해 보고 인기많은 자몽 허니 블랙티 먹을거라고 계획을 세워 갔는데 솔드아웃 허무하더라고요 밤 늦은 시간도 아니고 오후 시간이었는데... ,왕뽈따구,https://blog.naver.com/amj5356,20220805
66,인천공항T2 입국장 <b>스타벅스</b> 위치,https://blog.naver.com/heyloveyou19?Redirect=Log&logNo=222831103633,인천공항 제2터미널 입국장 <b>스타벅스</b>는 1층 입국장 A번 출구있는 쪽!! 서편에 위치해있다. 출국장 <b>스타벅스</b>는 3층 동편에 위치해 있어 자주 간다 호호 코로나 기간에도 항상 열려있었던 인천공항 제2터미널... ,Hace Mosaic World 3.3,https://blog.naver.com/heyloveyou19,20220727
67,"<b>스타벅스</b> 쑥크림 프라푸치노 with 콜드브루 가격, 칼로리, 맛... ",https://blog.naver.com/dalgam89?Redirect=Log&logNo=222836281221,제주지역 <b>스타벅스</b>에서 한정 판매하던 우리 쑥크림프라푸치노 with 콜드브루 이번 여름 시즌음료로... 그래도 이게 기존 <b>스타벅스</b> 프라푸치노 제품군보다 당류가 적은 편이에요. 실제로 프라푸치노 치고... ,달감나무,https://blog.naver.com/dalgam89,20220801
68,배스킨라빈스 초당옥수수 아이스 &amp; <b>스타벅스</b> 여름 음료 마시기,https://blog.naver.com/heejun2449?Redirect=Log&logNo=222842940047,<b>스타벅스</b> 매장은 시원하네요~2층에 자리가 없어서 기다렸네요 날이 더워서 그런지 사람들 많았네요~ 서머 픽 시트러스 블렌디드 시즌 한정 음료라 먹어보긴 했는데 토핑이 많이 들어있습니다. 젤리와 과일 블루... ,양군스토리,https://blog.naver.com/heejun2449,20220808
69,[<b>스타벅스</b>] 콜드컵 SIP리드 473/591/710ml (콜드컵 리드 교체),https://blog.naver.com/omini82?Redirect=Log&logNo=222836312973,<b>스타벅스</b> 네이버 스토어에 가면 <b>스타벅스</b> 텀블러 리드를 따로 구매할 수 있는데요 710 벤티 사이즈 콜드컵 리드도 나왔더라구요!! 맨날 구멍뚫려있어서 가지구 다니기 애매한 콜드컵인데 밀폐는 안되더라도... ,★오미니 블로그★ - 덕후의 취미생활,https://blog.naver.com/omini82,20220801
70,"<b>스타벅스</b> 로고 워드마크 ai, png 파일 다운로드",https://foxcg.com/entry/%EC%8A%A4%ED%83%80%EB%B2%85%EC%8A%A4-%EB%A1%9C%EA%B3%A0-%EC%9B%8C%EB%93%9C%EB%A7%88%ED%81%AC-ai-png-%ED%8C%8C%EC%9D%BC-%EB%8B%A4%EC%9A%B4%EB%A1%9C%EB%93%9C,"&quot;<b>스타벅스</b> 로고 워드마크 ai, png 파일 다운로드&quot; <b>스타벅스</b>(Starbucks™)는 세계 최대의 커피 체인점입니다. 우리나라에는 1999년 진출하여 약 1600여개의 매장을 운영 중입니다. <b>스타벅스</b> 로고의 의미와... ",폭스씨지 FoxCG - 폭스씨지 FoxCG,https://foxcg.com/,20220803
71,<b>스타벅스</b> 서머 캐빈파우치 핑크 후기 이건 발암물질 없나,https://blog.naver.com/wogur0217?Redirect=Log&logNo=222844769221,<b>스타벅스</b> 좋아하는 저는 이번에도 참새가 방앗간을 지나칠수 없었습니다 2022 여름맞아 나온 서머... 예전 <b>스타벅스</b> 상품으로 봤을때 저런 통짜 핑크 제품이 제일 먼저 나가더라고요 그래서 22 <b>스타벅스</b> 서머... ,"상상의 ""스마트잇(Smart IT)""",https://blog.naver.com/wogur0217,20220810
72,"<b>스타벅스</b> 병음료 주스 추천, 핑크 용과 레모네이드(가격)",https://blog.naver.com/mitsru79?Redirect=Log&logNo=222835761497,여긴 홍대입구역 8번출구로 나오자마자 바로 코 앞에 있는 <b>스타벅스</b>! 사람이 늘 붐비는 <b>스타벅스</b>지요. 홍대 KFC앞과 더불어서 최고의 만남의 장소랄까요 ㅎ 사용기한이 며칠 안남은 <b>스타벅스</b> 기프티콘 쓰려고... ,미쯔루의 맛있는 이야기,https://blog.naver.com/mitsru79,20220731
73,아이폰 13미니 케이스티파이 <b>스타벅스</b> 콜라보,https://blog.naver.com/rkdqhrud345?Redirect=Log&logNo=222843335400,케이스티파이 x <b>스타벅스</b> 콜라보 2월달에 했었네염 ?? 뒤북치는 나란인간 ... 그것보단 13미니로 바꾸고... 나 <b>스타벅스</b> 그렇게 좋아하는사람 아닌데 .. 이건너무 예뻤다 앞으로 이런 콜라보 많이 많이 해주세여... ,봄봄 놀이터,https://blog.naver.com/rkdqhrud345,20220808
74,<b>스타벅스</b> 신메뉴 : 쿨 서머 캐모마일 블렌디드 맛있네,https://blog.naver.com/tldrld93?Redirect=Log&logNo=222839319847,<b>스타벅스</b> 신메뉴 쿨 서머 캐모마일 블렌디드 이 날까지 써야하는 쿠폰이 있어 신메뉴를 먹으러 갔어요! <b>스타벅스</b> 여름 신메뉴 쿨 서머 캐모마일 블렌디드 우리 쑥 크림 프라푸치노 with 콜드 브루 제주 청귤 라임... ,싱깅이블로그,https://blog.naver.com/tldrld93,20220804
75,(경주) <b>스타벅스</b> 보문로DT점에서 경주 텀블러 구매,https://blog.naver.com/snos1219?Redirect=Log&logNo=222843874872,22년 8월 7일 방문 방문 사유 경주 지역에 1박을 묵고 다음날 방문한 <b>스타벅스</b>! 경주 <b>스타벅스</b>에만 판매하는 텀블러를 구입할 목적이었다. 사실 이런 부분을 <b>스타벅스</b> 마니아 지인에게 들었던 기억이 있어서... ,이번 생은 오버 밸런스,https://blog.naver.com/snos1219,20220809
76,<b>스타벅스</b> 바닐라크림 콜드브루 깔끔한 단맛!,https://blog.naver.com/maize210?Redirect=Log&logNo=222821312221,정말 오랜만에 <b>스타벅스</b> 바닐라크림 콜드브루를 마셨어요! 근데 오랜만에 마셔서 그런지 아니면... ㅋㅋㅋ 근데 오늘 마신 <b>스타벅스</b> 바닐라크림 콜드브루는 진한 단맛도 나고 커피맛도 넘 맛있어서 또 새삼... ,살구블라썸,https://blog.naver.com/maize210,20220721
77,청라 <b>스타벅스</b> // 청라 한신더휴커낼웨이에서,https://blog.naver.com/bwjun4?Redirect=Log&logNo=222836202783,"청라 <b>스타벅스</b> // 청라 한신더휴커낼웨이에서 &quot;청라 한신더휴에 <b>스타벅스</b>가 새로이 문을 열었다하여, 청라 홈플러스와 주변 들리는 김에 한번 가 보았습니다.&quot; &quot;<b>스타벅스</b> 인천청라한신점&quot;은 (청라... ","""만세 블로그"" 방문하신 분들, 행운과 함께 하시길~",https://blog.naver.com/bwjun4,20220801
78,"<b>스타벅스</b> 서머캐리백 발암물질 검출, 교환 보상 쿠폰 수령",https://blog.naver.com/lsbangel?Redirect=Log&logNo=222837276362,수령했습니다~ <b>스타벅스</b> 캐리서머백과 교환한 땡큐쿠폰 3장!! 우선 모든 사이즈의 제조음료 포함으로... 되지만 <b>스타벅스</b> 어플에 쿠폰등록 하셔도 되니깐 쿠폰 등록후 필요하신대로 사용하시면 될것 같아요... ,꿈을향해의 별별공간,https://blog.naver.com/lsbangel,20220802
79,"#<b>스타벅스</b> 여름 신메뉴_제주 청귤 라임 에이드(칼로리, 후기)",https://blog.naver.com/euirime?Redirect=Log&logNo=222838694240,"<b>스타벅스</b> 여름 신메뉴 제주 청귤 라임 에이드(칼로리, 후기) 안녕하세욧!! 목요일을 바라보고 있는... 요즘 헤이해져서 <b>스타벅스</b> 신메뉴를 잘 안마시고 있는데 요렇게 상콤한 음료를 주셨지 뭐예요..!... ",Have a kiho’ day.,https://blog.naver.com/euirime,20220803
80,<b>스타벅스</b> 절뷰?! 그리고 3층에 건물주 사무실?!,https://blog.naver.com/sybangse?Redirect=Log&logNo=222841416373,경기도 여주 곤충박물관 가는길에 <b>스타벅스</b> 여주DT점에 방문했다. <b>스타벅스</b> 2층에서의 절뷰(?)라니.. 이 건물주는 어떤 느낌일까? 아직 공사중이지만 뭔가 쎈 기운이 느껴진다. 옆테이블에서는 목사님인 분과... ,서울휘의 SideProject school,https://blog.naver.com/sybangse,20220806
81,나의 최애 커피 : <b>스타벅스</b> 카페라떼320ml 찾아라!찾았다!,https://blog.naver.com/4086088?Redirect=Log&logNo=222835881852,"나의 최애 커피 <b>스타벅스</b> 카페라떼320ml 찾아라! 찾았다! 2021년에 그려왔던 나의 그림일기를 보면 나와 마루바닥 말고 꾸준하게 그려지는 것이 하나 있어요. 바로 <b>스타벅스</b> 카페라떼! 구 슈퍼집 딸래미, 현... ",니야니야 나니야,https://blog.naver.com/4086088,20220731
82,<b>스타벅스</b> 텀블러 추천 스탠리 켄저 크림 선물해요.,https://blog.naver.com/ssms4068?Redirect=Log&logNo=222841141710,신랑이 퇴사 선물로 받아온 #<b>스타벅스</b> #텀블러 #선물 가볍게 선물하기 딱 좋은 <b>스타벅스</b> 텀블러 추천 구매하면 이렇게 박스 포장도 해줬나? 호불호 없어서 고민할 필요 없이 <b>스타벅스</b> 텀블러 선물로 많이... ,노멀한데일리,https://blog.naver.com/ssms4068,20220806
83,<b>스타벅스</b> 신메뉴 | 쿨서머 캐모마일 블렌디드,https://blog.naver.com/tlrevolution?Redirect=Log&logNo=222841626511,<b>스타벅스</b> 여름시즌 신메뉴가 또 나와서 어쩔 수 없이 다녀왔네요.. 지난 시즌 메뉴가 꽤 맘에 들었기 때문에 기대감이 높았네요.. STARBUCKS DONGGYO.. <b>스타벅스</b> 동교점.. 홍대지역 매장 중 가장 선호하는 곳.. 이... ,타미스다이너,https://blog.naver.com/tlrevolution,20220807
84,<b>스타벅스</b> e카드 교환권 사용방법 (기프티콘 비교),https://blog.naver.com/ds1104?Redirect=Log&logNo=222838364563,"얼마 전 <b>스타벅스</b> 기프티콘을 대량 선물 받았다. 그리고 이번에는 <b>스타벅스</b> e카드 교환권도 받아서 사용방법에 대해 알아봤다. <b>스타벅스</b> e카드 교환권이란? <b>스타벅스</b> e카드 교환권은 3만 원, 5만 원, 10만... ",윤님의 경제테크 블로그,https://blog.naver.com/ds1104,20220803
85,<b>스타벅스</b> 서머캐리백 대체 상품 신청기간,https://blog.naver.com/hyoniholic?Redirect=Log&logNo=222844226463,"<b>스타벅스</b> 서머캐리백 대체상품이 공개됨 '<b>스타벅스</b> 데스크 모듈'이라고. 색상은 그린, 베이지, 블랙 중에서 선택할 수 있음 <b>스타벅스</b> 서머 캐리백 대체 상품인 <b>스타벅스</b> 데스크 모듈 구성은 펜꽂이, 컵받침... ",사랑.. 함께 했던 시간에 대한 예의,https://blog.naver.com/hyoniholic,20220809
86,<b>스타벅스</b> 데스크모듈 <b>스타벅스</b> 서머 캐리백 대체 굿즈,https://blog.naver.com/sounder2?Redirect=Log&logNo=222844409365,"<b>스타벅스</b> 데스크모듈 <b>스타벅스</b> 서머 캐리백 대체 굿즈 소식입니다 <b>스타벅스</b> 데스크 모듈이 <b>스타벅스</b> 서머 캐리백 대체 굿즈로 증정된다고 합니다 <b>스타벅스</b> 데스크모듈 컬러는 3가지입니다. 그린,베이지,블랙... ",sounder&apos;s Brick & Brick,https://blog.naver.com/sounder2,20220810
87,<b>스타벅스</b> 서머 캐리백 대체 상품 신청하기(데스크모듈 or... ,https://blog.naver.com/0sunflower0?Redirect=Log&logNo=222844202499,"안녕하세요 : ) <b>스타벅스</b> 프리퀀시 상품 너무 예뻐서 받으려고 열심히해서 받았는데 이게 웬일이랴!! 프리퀀시로 받은 가방은 스벅가서 커피쿠폰 3장으로 교환받았아요! 그리고 오늘, <b>스타벅스</b> 앱에 접속하니... ","코코의 소소한 기록 : every day, every moment",https://blog.naver.com/0sunflower0,20220809
88,"<b>스타벅스</b> 안목항점 : 강릉 안목해변 카페, 강릉 콜택시 전화번호",https://blog.naver.com/insung1214?Redirect=Log&logNo=222837258166,안목해변 카페 2층에서 아내와의 데이트가 즐겁습니다. 커피도 맛있어서 가끔 오게 됩니다 ^^ #강릉안목해변 #<b>스타벅스</b>안목항점 #<b>스타벅스</b>안목 #강릉<b>스타벅스</b> #<b>스타벅스</b>망고주스,코리아 롱비치 14,https://blog.naver.com/insung1214,20220802
89,"경주 대릉원 <b>스타벅스</b> : 신라의 고도, 경주의 한옥 <b>스타벅스</b>",https://blog.naver.com/ljblkd?Redirect=Log&logNo=222842440633,최근에 #한옥<b>스타벅스</b> 가 점점 눈에 띈다. 서울 소공동의 #<b>스타벅스</b>환구단점 #문경새재<b>스타벅스</b> 가보지는 못하고 지나처는 갔는데 이번에 #경주 를 잠깐 들렀을 때 #경주한옥<b>스타벅스</b> 인 #경주<b>스타벅스</b>대릉원점... ,"여행을 통해 세상을 보고, 책을 통해 인생을 본다.",https://blog.naver.com/ljblkd,20220808
90,남이섬 가평 <b>스타벅스</b> | 오늘의커피와 크루아상,https://blog.naver.com/faori2?Redirect=Log&logNo=222839732801,남이섬 가평 <b>스타벅스</b> 커피 남이섬 입구로 가는 초입에 있는 5층 규모 대형 매장. 널찍널찍하고 공간도... 남이섬 가평 <b>스타벅스</b> 커피 요즘은 더워서 엄두도 못내지만 봄가을엔 유용할 옥상 루프탑 정원. 한쪽... ,주간식후감,https://blog.naver.com/faori2,20220804
91,<b>스타벅스</b> 서머 캐리백 하자 교환 보상,https://blog.naver.com/hyuk679?Redirect=Log&logNo=222840875348,<b>스타벅스</b> 서머 캐리백을 받아 확인 도중 여러군데 이염이 있어 받은지 3일만에 매장에서 확인받고... 쯧 <b>스타벅스</b> 여름 굿즈를 좋아해 열심히 모았던 <b>스타벅스</b> 프리퀀시 이젠 그냥 그만할때가 된둣싶다,Realist & Romanticist,https://blog.naver.com/hyuk679,20220806
92,<b>스타벅스</b> 캐리백 다들 받으셨나요,https://blog.naver.com/seosj52?Redirect=Log&logNo=222834802304,올 여름 <b>스타벅스</b> 프리퀀시 다들 교환하고 스벅 캐리백 받으셨죠? 저도 받을까 말까 고민히다가 맘에... 구매해서 <b>스타벅스</b> 서머캐리백 크림색상 어디 쓸지는 모르겠는데 아몰랑 크림 서머캐리백도 이쁘다고... ,my sweet,https://blog.naver.com/seosj52,20220730
93,[8월 비드바이 이벤트] 이웃추가하고 <b>스타벅스</b> 받자!,https://blog.naver.com/bidbuykr?Redirect=Log&logNo=222843998430,2022년 8월 비드바이코리아 스크랩 이벤트 비드바이 블로그와 이웃하고 <b>스타벅스</b> 기프티콘 받아가세요 :) 게시글 스크랩 및 인스타 팔로우 시 당첨확률UP ! <b>스타벅스</b> 아메리카노 1잔을 총... ,비드바이코리아 공식 블로그,https://blog.naver.com/bidbuykr,20220810
94,여행 메이트 테스트 오픈✈ (feat. <b>스타벅스</b> 기프티콘 이벤트),https://blog.naver.com/bunjang1?Redirect=Log&logNo=222840396551,"여행 메이트 테스트 <b>스타벅스</b> 기프티콘 이벤트 안녕하세요, 브랜드 중고거래 플랫폼 ⚡번개장터... 오픈 이벤트 8월 5일부터 11일까지 단 1주일간⚡ 100분께 <b>스타벅스</b> 기프티콘을 드립니다! 참여방법... ",번개장터 공식 블로그,https://blog.naver.com/bunjang1,20220805
95,<b>스타벅스</b> 써머 캐빈 파우치 - 그린,https://blog.naver.com/yamako0221?Redirect=Log&logNo=222832615520,귀엽네요^^ <b>스타벅스</b> 서머 캐빈 파우치를 열면... 핑크랑 똑같죠 ㅋㅋ 칸막이로 되어있는데요~~ 핑크... 누구를 델꼬 갈까요 ㅎㅎ #<b>스타벅스</b> #<b>스타벅스</b>굿즈 #<b>스타벅스</b>서머캐빈파우치 #<b>스타벅스</b>서머캐빈파우치그린,히히낭낭,https://blog.naver.com/yamako0221,20220728
96,길벗과 오랜만에 <b>스타벅스</b>에서 아침을,https://blog.naver.com/annerheekim?Redirect=Log&logNo=222833904375,오늘은 길벗이 좀 늦게 출근해도 되는 날이라서 정말 오랜만에 <b>스타벅스</b>에 같이 가서 아침을 먹었어요.... (길벗은 뭐 사는 것을 너무 싫어해요) 오랜만의 <b>스타벅스</b>에서의 스벅 조식. 빵이 따끈따끈해서 확실히... ,길벗의 앤(Anne) @ Suzhou ZJG & Shanghai,https://blog.naver.com/annerheekim,20220729
97,더우니까 설빙가고 <b>스타벅스</b>가고 이열치열 더운음식 먹으며... ,https://blog.naver.com/ppol310?Redirect=Log&logNo=222841160110,ㅋㅋㅋ <b>스타벅스</b>도 생일쿠폰으로 받은 거 비가와서 아메리카노와 롤케잌 자몽허니블랙티 내가사는 시골촌구석에도 <b>스타벅스</b>가 있다는게 신기하다. 게다가 드라이브쓰루도 된다. 손님도 엄청많음. 덥다고... ,오늘은 나의 특별한 하루,https://blog.naver.com/ppol310,20220806
98,예쁘잖아~ 실물 갤럭시버즈2 <b>스타벅스</b> 라떼아트 버즈 케이스,https://www.leaderyou.co.kr/7956,최근 삼성전자는 갤럭시버즈2 케이스를 <b>스타벅스</b>와 콜라보해 갤럭시버즈2 구매 욕구를 자극하고 있습니다. 그럼 실물로 본 갤럭시버즈2 <b>스타벅스</b> 라떼아트 버즈 케이스는 어떤지 잘 참고해 보시기... ,리더유의 IT리더,https://www.leaderyou.co.kr/,20220803
99,<b>스타벅스</b> 캐리백 교환 대체 상품이에요,https://blog.naver.com/etienne03?Redirect=Log&logNo=222844854883,<b>스타벅스</b> 캐리백 대체 상품 이전 <b>스타벅스</b> 캐리백 교환하는 방법 알려드렸는데요. 그때 제품은 무료음료쿠폰 3장으로 바꿀수있고 추후에 스벅 리워드카드 3만이나 새로운굿즈 중 선택할수있다 했는데요. 이번에... ,Barbie&apos;s place,https://blog.naver.com/etienne03,20220810
100,<b>스타벅스</b> 천안서북이마트점 리뉴얼 오픈,https://blog.naver.com/renapark99?Redirect=Log&logNo=222833741364,<b>스타벅스</b> 천안서북이마트점 리뉴얼 오픈!! 이마트 천안서북점이 작년 가을부턴가 리뉴얼 공사를 하더니만... 어느새 사라진 <b>스타벅스</b>는 왜 다시 오픈할 생각을 안 하는지.. 정신없이 7월 한 달 보내다보니... ,하루레나의 육아로그 Start small☆,https://blog.naver.com/renapark99,20220729
101,<b>스타벅스</b> 서머캐리백 음료3잔쿠폰 교환하기,https://blog.naver.com/rmagml04?Redirect=Log&logNo=222837528159,<b>스타벅스</b> 서머캐리백 음료3잔 쿠폰으로 교환하기 <b>스타벅스</b> 2022년 프리퀀시 서머캐리백 받았다고 포스팅까지 했는데 말이쥬~ 문제가 발생했네유.... 띠로리..... 덜덜 첨엔 귀찮아서 그냥 냅둘까 하다가... ,강방 블로그,https://blog.naver.com/rmagml04,20220802
102,"<b>스타벅스</b> 배당금, 배당일, 주가 알아봅시다",https://blog.naver.com/hoosigidane?Redirect=Log&logNo=222836911416,"<b>스타벅스</b> 배당금, 배당일, 주식 알아봅시다 안녕하세요 오늘은 <b>스타벅스</b> 최근 주가 현황과 배당금, 배당일까지 알아보겠습니다! 커피시장에서 부동의 1위를 차지하고 있는 <b>스타벅스</b> 연일 안좋은 소식들이... ",느프트린이,https://blog.naver.com/hoosigidane,20220801
103,반포 한강공원 아침 산책 <b>스타벅스</b> 한강뷰카페,https://blog.naver.com/himerosyo?Redirect=Log&logNo=222833573492,#반포 #잠원 #한강공원 #<b>스타벅스</b> #아침산책 #한강뷰카페 이틀밖에 안됐지만 요새 아침에 일어나면... 있는 <b>스타벅스</b> 한강위에 그림처럼 둥둥 떠있음 다리 건너서 <b>스타벅스</b>로 들어옴 <b>스타벅스</b> 좋아하진 않는데... ,약&락life,https://blog.naver.com/himerosyo,20220729
104,[양평] <b>스타벅스</b> 더양평 DTR - 양평에 살어리랏다,https://blog.naver.com/realblue88?Redirect=Log&logNo=222839164781,<b>스타벅스</b> 파트너들의 무한한 인내심에 경의를 표한다. 요새 브런치값이 하도 올라서 <b>스타벅스</b>의 창렬한 브런치 메뉴 가격이 음?괜찮은데?싶게 보일 정돈데 스벅 푸드에 한두번 데어본게 아니라서 잘 참았다... ,개복치의 일상생활,https://blog.naver.com/realblue88,20220804
105,바질토마토크림치즈 베이글 샌드위치 만들기 :: <b>스타벅스</b>... ,https://blog.naver.com/missto5?Redirect=Log&logNo=222771484590,마켓컬리/샌드위치만들기 바질토마토크림치즈 베이글 <b>스타벅스</b>에서 바질토마토크림치즈 베이글을... <b>스타벅스</b>는 올리브감자베이글을 사용해서 비슷한 제품으로 선택 먼저 반으로 잘라줍니다. 블랙 올리브가... ,쑤댕&apos;s 테이스트,https://blog.naver.com/missto5,20220803
106,여행 셋째날 고바우설렁탕&amp;양평<b>스타벅스</b>,https://blog.naver.com/skeunhea1?Redirect=Log&logNo=222834152711,밥을먹고 후식이 빠질순 없겠죠ㅋ 어디갈까 하다 <b>스타벅스</b>에 갔답니다~~ #고바우설렁탕 #양평설렁탕맛집 #양평맛집 #양평설렁탕 양평 <b>스타벅스</b>dt 유명한 곳이죠ㅋ #<b>스타벅스</b>양평 #양평dt #양평커피숍... ,메이의 일상,https://blog.naver.com/skeunhea1,20220729
107,<b>스타벅스</b> 채용 폐업소상공인 리스타트프로그램 참여해요,https://blog.naver.com/surfinian?Redirect=Log&logNo=222811966350,<b>스타벅스</b> 리스타트 교육생모집 희망리턴패키지의 전직특화교육중 하나인 <b>스타벅스</b> 리스타트프로그램은 카페에 취업을 희망하는 폐업소상공인과 배우자을 대상으로 1년에 총 4회 실시되고 있는데요.... ,카페집사의 블로그,https://blog.naver.com/surfinian,20220715
108,"<b>스타벅스</b>/별다방 블렌드 1주년, 별 추가적립 이벤트, 오늘의... ",https://blog.naver.com/phe0701?Redirect=Log&logNo=222841908598,"1주년 이벤트 <b>스타벅스</b>의 생일이 7월 27일인데, 올해 23년 주년은 유해물질 검출 캐리백으로 조용히 지나간..... !! &gt;_&lt; ;; 제가 <b>스타벅스</b> MD엔 물욕이 없어서 다행인지도 모르겠습니다만.... ;;; 유해물질은 너무... ",LAST CARNIVAL,https://blog.naver.com/phe0701,20220807
109,<b>스타벅스</b> 여름MD 2차 - 22 바다거북 머그 355ml,https://blog.naver.com/rikuming?Redirect=Log&logNo=222829610461,"요즘 <b>스타벅스</b>에 관심이 하락하고 있었는데, 우연히 보게 된 <b>스타벅스</b> 여름 MD 2차를 보고 완전 뿅 가버렸다. 뭐냐면 거북이 머그가 등장한다는 사진!!! 오른쪽 하단에 너무 귀엽게 있는 거북이 발견.... 하... ",끄적끄적리쿠밍 ♪,https://blog.naver.com/rikuming,20220726
110,<b>스타벅스</b> 신메뉴 우리 쑥 크림 푸라푸치노,https://blog.naver.com/talesoff?Redirect=Log&logNo=222833097291,오랜만에 방문한 요새 말많고 탈많은 <b>스타벅스</b>. 팀장님이 쏘신다는 한마디에 뭔가 새로운 메뉴가 먹고싶어서 두리번 거리던 중에 신메뉴인 우리 쑥 크림 푸라푸치노 눈에 들어왔다. 참고로 평소에는 <b>스타벅스</b>에... ,Balance,https://blog.naver.com/talesoff,20220728
111,"무더위, <b>스타벅스</b> 메뉴 3선",https://blog.naver.com/cynic20?Redirect=Log&logNo=222834584133,"m 오전에 <b>스타벅스</b> 다녀와서 집에서 올리는 주말 포스팅! 이번주에는 특별히 먹은게 별로 없었어요! 안올릴려고 하다가, 그냥 간단히 올리기로~ 시작은 역전우동 0410의 냉우동과 양파치킨마요! <b>스타벅스</b>... ",Stories By Epicure,https://blog.naver.com/cynic20,20220730
112,<b>스타벅스</b> 창원NC파크R점 - 야구장 <b>스타벅스</b> 리저브 메뉴&amp;후기,https://blog.naver.com/yswh4123?Redirect=Log&logNo=222836978391,<b>스타벅스</b> 창원NC파크R점 #<b>스타벅스</b> #창원NC파크 #창원<b>스타벅스</b> #NC파크<b>스타벅스</b> #<b>스타벅스</b>리저브메뉴 #야구장<b>스타벅스</b> #창원<b>스타벅스</b>리저브 #야구장스벅 #이색<b>스타벅스</b> #<b>스타벅스</b>창원NC파크R점 #NC<b>스타벅스</b> 글... ,라봉이와 순간의 기록♥️,https://blog.naver.com/yswh4123,20220802
113,<b>스타벅스</b> 다크초콜릿 카우보이쿠키,https://blog.naver.com/jylhee0704?Redirect=Log&logNo=222827671216,"딸이 선물로 받아온 <b>스타벅스</b> 다크초콜릿 카우보이쿠키입니다. 원래는 두 개를 선물받았어요. <b>스타벅스</b> 다크초콜릿 카우보이쿠키 2,800원 실온보관하시구요. 유통기한도 표기되어 있어요. 원재료도 참고하세요.... ",밥심은 국력의 맛있는 이야기,https://blog.naver.com/jylhee0704,20220725
114,산본 맛집 이차돌에서 차돌박이 뿌시기 / <b>스타벅스</b> 피지오로... ,https://blog.naver.com/mgamp?Redirect=Log&logNo=222822746533,이렇게 차돌박이 뿌순 다음에는 소화 좀 시킬겸 <b>스타벅스</b> 가서 피지오를 마셨어요. 저는 항상 마시는 쿨라임 피지오로 마셨어요! 고기 먹은 다음에는 탄산을 꼭 마셔줘야 되는 것 같아요. 쿨라임 피지오 정말... ,i like hm,https://blog.naver.com/mgamp,20220721
115,<b>스타벅스</b> 복현DT점 다녀왔다 <b>스타벅스</b> 서머2프로모션MD도 구경,https://blog.naver.com/sounder2?Redirect=Log&logNo=222834451198,"요즘 <b>스타벅스</b> 서머캐리백 문제로 시끌시끌... 이번주는 어깨랑 목이 너무 앞아서 근처 정형외과를 갔다 가는김에 7월에 새로운 <b>스타벅스</b> 음료도 나오고, 3스타대시를 해서 <b>스타벅스</b> 복현DT점을 다녀왔다.... ",sounder&apos;s Brick & Brick,https://blog.naver.com/sounder2,20220730
116,<b>스타벅스</b> 서머 캐리백 ↔ 음료 무료쿠폰으로 교환하기,https://blog.naver.com/wooes2?Redirect=Log&logNo=222832331285,<b>스타벅스</b> 여름 프리퀀시 기간이 끝난지 얼마나 되었다고 전국 뉴스를 강타한 바로 그 소식 <b>스타벅스</b> 서머캐리백에 포름알데히드가..!? 영화 &lt;괴물&gt;에서나 보던 포름알데히드 아니냐고요ㅠㅠㅠㅠ 심지어... ,지니의 끄적끄적,https://blog.naver.com/wooes2,20220728
117,<b>스타벅스</b> 강남교보타워R점 방문 및 벨벳 다크 모카 나이트로... ,https://blog.naver.com/seungwan79?Redirect=Log&logNo=222841422563,리저브 매장을 가서 나이트로를 한잔하려고 하다가 신논현역 근처에 있는 <b>스타벅스</b> 강남교보타워R점에 왔습니다. <b>스타벅스</b> 강남교보타워R점 외부 입구를 보니 2년 전 <b>스타벅스</b> 레디백 받겠다고 여기서 줄 섰던... ,와니드림블로그,https://blog.naver.com/seungwan79,20220807
118,<b>스타벅스</b> 캡슐 [ 돌체구스토 호환용],https://blog.naver.com/lily8387?Redirect=Log&logNo=222840291612,돌체구스토 커피머신은 <b>스타벅스</b> 캡슐과 호환이 가능하기에 돌체구스토 캡슐과 스벅 캡슐을 골고로 비치함. 개인적으로 스벅의 아메리카노가 더 쓴맛이 강하다고 느끼긴하지만 강력한 아메리카노가 땡기는... ,쵸람니다,https://blog.naver.com/lily8387,20220805
119,"니콘내콘 <b>스타벅스</b> 기프티콘 판매, 저축 투자 재테크",https://blog.naver.com/ekdeochlrh83?Redirect=Log&logNo=222842436538,"니콘내콘 <b>스타벅스</b> 기프티콘 판매, 저축 투자 재테크 매일 오전 8시. 아침마다 반가운 문자가 온다. 그립에서 보내주는 <b>스타벅스</b> 기프티콘이다. 벌써 5번째 <b>스타벅스</b> 아이스 카페 아메리카노 쿠폰을 받았다.... ",은선,https://blog.naver.com/ekdeochlrh83,20220808
120,"[국내/제주] 제주여행 6일차(&apos;수영밥상&apos;, &apos;<b>스타벅스</b>&apos;)",https://blog.naver.com/credit35?Redirect=Log&logNo=222844678293,"하루 종일 작업을 해야 했기 때문에 <b>스타벅스</b>로 향했다. 단, 서울에서 느낄 수 없는 전망이 있는 곳으로. 눈앞에 바다가 보이는 장소로 자리를 잡았다. 일을 하는 내내 지칠 때쯤 멍하니 창을 바라봤다. 마감의... ",이야기 공작소,https://blog.naver.com/credit35,20220810
121,주간일기 9주차. 잠시 떠난 제주. <b>스타벅스</b> 리유저블 컵 반납,https://blog.naver.com/80milk?Redirect=Log&logNo=222838579520,<b>스타벅스</b> 리유저블 컵 반납 첫째가 이제 고등 졸업 때까지는 공부에 집중하고 싶다고 멀리 나가고 싶어... 첫째는 제일 먹고 싶었던 게 <b>스타벅스</b> 메뉴 중 제주 only 제품인데요 너무너무 먹고 싶어 해서... ,따랑해의 엄마표 육아교육 감성놀이,https://blog.naver.com/80milk,20220803
122,<b>스타벅스</b> 써머 캐리백 교환 보상 안내 | 새로운 굿즈 및... ,https://blog.naver.com/o__onica?Redirect=Log&logNo=222844093593,"<b>스타벅스</b> 써머 캐리백 교환 보상 안내 | 새로운 굿즈 및 기프트카드 선택하기, 음료 쿠폰 보상 안내 2022 STARBUCKS SUMMER CARRY BAG REFUND &amp; GOODS <b>스타벅스</b> 써머 캐리백 교환 보상 안내 한동안 인터넷을 뜨겁게... ",#includoong,https://blog.naver.com/o__onica,20220810
123,춘천 카페 <b>스타벅스</b> 춘천구봉산R점 특별한 메뉴가득,https://blog.naver.com/sin0788?Redirect=Log&logNo=222830834579,춘천카페추천 <b>스타벅스</b> 춘천구봉산 R점 <b>스타벅스</b>리저브지점 춘천IC 근처에 학곡리 닭갈비를 먹고 가까운 구봉산카페거리의 <b>스타벅스</b>로 커피 마시러 갔어요! 예전에 방문했을 때 뷰가 너무 시원시원해서 다시... ,Happily Ever After,https://blog.naver.com/sin0788,20220727
124,<b>스타벅스</b> 다른 프리퀀시 상품은 괜찮을까?,https://blog.naver.com/shane70?Redirect=Log&logNo=222824161577,갑자기 어제부터 제가 쓴 #<b>스타벅스</b> #서머캐리백 #썸머캐리백 에 대한 블로그 글을 보시는 분들이 폭증하였습니다. https://blog.naver.com/shane70/222793317101 #발암물질 이자 #독성물질 인 #포름알데히드 가... ,아직은 아냐^ ^ (달도시 블로그),https://blog.naver.com/shane70,20220722
125,경리단길 <b>스타벅스</b> 오픈! 텀블러 세척기,https://blog.naver.com/marykayqueen?Redirect=Log&logNo=222833050127,"친정이 있는 동네라 자주 방문하는데 드디어 이곳에도 <b>스타벅스</b> 매장이 오픈했어요 <b>스타벅스</b> 경리단길점 영업시간 08:00-22:00 토,일 08:00-21:00 * 주차 불가능 <b>스타벅스</b> 경리단길점 이태원 녹사평역에서 하얏트... ",우리의 하루,https://blog.naver.com/marykayqueen,20220728
126,"<b>스타벅스</b> 신메뉴, 우리 쑥 크림 프라푸치노와 제주 청귤 라임... ",https://blog.naver.com/fls7488?Redirect=Log&logNo=222840784568,"<b>스타벅스</b> 장유율하점 이번에 신상으로 나온 3가지 메뉴, 우리 쑥 크림 프라푸치노와 제주 청귤 라임... 장유율하점 <b>스타벅스</b>는 처음 가봤는데, 굉장히 매장이 귀엽더라구요 창문도 크게 크게 나있고 분위기도... ",?,https://blog.naver.com/fls7488,20220806
127,"[KTX기차 예약] 최대 35% 기차할인받고, <b>스타벅스</b> 쿠폰까지!",https://blog.naver.com/webtourlove?Redirect=Log&logNo=222839482640,"기차예약 후 여행완료하면 <b>스타벅스</b> 커피가 공짜! 웹투어에서 KTX기차 예약하고, 여행을 완료하신 모든 여행자 분들게 <b>스타벅스</b> 커피를 증정해드립니다! 8월 27일(토)까지 웹투어에서 기차예약을 한 후에 8월... ",웹투어 ; 내 마음대로 여행을 디자인한다!,https://blog.naver.com/webtourlove,20220804
128,2022년 <b>스타벅스</b> 여름 md및 음료 신메뉴 리뷰,https://blog.naver.com/minsyungtm?Redirect=Log&logNo=222829998021,안녕하세요:) 쏭유예요~ <b>스타벅스</b> 여름 md가 나왔다는 소리를 듣고 추가로 신메뉴도 나왔다고 해서~ 오랜만에 출근전에 10분이 남아서 회사 출근길에~ <b>스타벅스</b>에 신메뉴를 먹으러 왔어요~ 저는 제주 청귤... ,£¤¥€ ~° 사랑했수민~°,https://blog.naver.com/minsyungtm,20220726
129,새로나온 <b>스타벅스</b> 퍼플사워블렌디드,https://blog.naver.com/brightenedu?Redirect=Log&logNo=222786790959,얼마 전에 여름 신메뉴 2탄으로 <b>스타벅스</b> 퍼플사워블렌디드 포함 3종이 나왔다고 해서 마셔봤어요.... 그래도 <b>스타벅스</b> 퍼플사워블렌디드와 커피 드로잉 말차 프라푸치노의 맛이 궁금해 주문해 보았고요. 늘... ,김원장의 탐구생활,https://blog.naver.com/brightenedu,20220624
130,<b>스타벅스</b> 오가닉 프로틴 그릭요거트 앤드 그래놀라 후기... ,https://blog.naver.com/mnbvc98?Redirect=Log&logNo=222834453424,<b>스타벅스</b> 오가닉 프로틴 그릭요거트 &amp; 그래놀라 후기 달달하구 맛있다 갑자기 문득 그릭요거트를 먹고 싶을 때가 있다! 어제가 바로 그런 날이었다 ㅎㅎㅎ <b>스타벅스</b>에서 브런치를 사러간 김에 그릭요거트도... ,"#Lovely Days,.",https://blog.naver.com/mnbvc98,20220730
131,<b>스타벅스</b> 아이스아메리카노 콜드브루 아이스커피 대용량... ,https://blog.naver.com/blogdanielland?Redirect=Log&logNo=222838881741,"[ <b>스타벅스</b> 아이스아메리카노 ] :: 콜드브루 대용량 커피값 아끼기 프로젝트 :: 현대인들의 삶에 뗼레야... 운동 끝나고 내려 가는 길에 마트가 있는데, 그 마트 안에 또 <b>스타벅스</b> 매장이 있거든요. 물론 오후라서... ",메이플대니얼의 요리공간 다니엘랜드,https://blog.naver.com/blogdanielland,20220807
132,춘천 여행 구봉산 카페 거리 <b>스타벅스</b> 춘천구봉산R점 비오는... ,https://blog.naver.com/poke82?Redirect=Log&logNo=222838134630,"평소 <b>스타벅스</b>에 잘 방문하지 않는 남편, 그런데 여기저기서 쿠폰 받아 놓은 게 많다고 해서 쿠폰을 사용할 겸 저희는 춘천 구봉산 카페거리에 <b>스타벅스</b> 춘천 구봉산R점으로 향했어요. 춘천 구봉산 전망대... ",오늘도행복주워담기,https://blog.naver.com/poke82,20220803
133,명동역 : <b>스타벅스</b> 별다방점 일회용 컵 없는 에코매장이용기,https://blog.naver.com/qptcjstk6?Redirect=Log&logNo=222803551256,"명동역 근처에 있는 <b>스타벅스</b> 별다방점! 얼마전에 남대문에 볼일 있어서 나갔다가, 예전부터 가보고 싶었던 <b>스타벅스</b> 별다방점! 명동역 근처에 있더라구요 : ) 여기에서만 파는 원두랑 카드가 궁금하기도하고... ","Hello , 현정이 이야기",https://blog.naver.com/qptcjstk6,20220707
134,<b>스타벅스</b> 추천 메뉴 : 햄&amp;루꼴라 올리브 샌드위치,https://blog.naver.com/pbk890515?Redirect=Log&logNo=222834535677,<b>스타벅스</b> 대구중동네거리DT점으로 향했어요 이미 많은 차들이 주차장에 있구요 이미 샌드위치를... 최근 <b>스타벅스</b> 샌드위치 부실논란이 있어서 다들 속을 궁금해 하실 것 같아서 ㅋㅋㅋㅋㅋㅋㅋㅋㅋㅋㅋ... ,책읽어 주는 남자 빠피용,https://blog.naver.com/pbk890515,20220801
135,<b>스타벅스</b> 유자패션피지오 주문방법 가격 칼로리 및 솔직후기... ,https://blog.naver.com/wkdgksk0605?Redirect=Log&logNo=222841590544,저는 망설임 없이 <b>스타벅스</b>라고 말할 수 있는데요 요즘 <b>스타벅스</b>가 초심을 잃은듯해서..조금 아쉽지만 그럼에도 제가 <b>스타벅스</b>를 가는 이유는 딱 하나 이 곳에만 있는 음료가 있기때문인데 바로... ,@hana__j,https://blog.naver.com/wkdgksk0605,20220807
136,<b>스타벅스</b> 서머 캐리백 교환 - 무료쿠폰 3장,https://blog.naver.com/chasunghan?Redirect=Log&logNo=222831564723,<b>스타벅스</b> 서머 캐리백 고객 사과문 요약 (2022.7.28) &lt;서머 캐리백 폼알데하이드 검출 시험 결과&gt; - 개봉... 기대하시는 <b>스타벅스</b> 제품의 품질 기준에는 부합하지 않았기에 이 점 다시 한번 진심으로 송구하게... ,소소한 일상,https://blog.naver.com/chasunghan,20220727
137,<b>스타벅스</b> 캐리백 발암물질 검출 무료 음료 쿠폰 교환☆,https://blog.naver.com/smr1029?Redirect=Log&logNo=222833106067,#<b>스타벅스</b> #<b>스타벅스</b>캐리백 #<b>스타벅스</b>발암물질 #<b>스타벅스</b>캐리백발암물질 #<b>스타벅스</b>캐리백교환 요즘 이슈가 되고 있는 <b>스타벅스</b> 캐리백 발암물질 검출 저도 이번에 프리퀀시 다 채워서 캐리백2개 매장에서... ,♥ 미란 ♥,https://blog.naver.com/smr1029,20220728
138,일본생활 - 부룬디 커피 / <b>스타벅스</b> / 키크론 k3 / 마하충전기... ,https://blog.naver.com/hcgoon?Redirect=Log&logNo=222836494522,코끼리 코가 걸이역할을 하더군요.ㅎ <b>스타벅스</b>의 바나나 도너츠. 맛은 없었습니다… spigen 아이패드 케이스는 아주 만족스럽게 사용중입니다. 키보드 거의 정리하고 카페에서는 요 키크론 k3 만 사용하네요.... ,Tokyo Life - 대고바 혹성 :: 요다의 일본생활기,https://blog.naver.com/hcgoon,20220801
139,<b>스타벅스</b> 메뉴 후기 : 제주 청귤 라임에이드 (MD),https://blog.naver.com/daesuk217?Redirect=Log&logNo=222831163541,<b>스타벅스</b> 메뉴 후기 제주 청귤 라임에이드 쑥 먹고 다른 스벅가서 청귤을 먹어보았습니다. 다들... <b>스타벅스</b> 대치사거리점 : 기본정보  위치 : 서울 강남구 삼성로 402 (삼성역 4번 출구에서 942m) ☎️ 번호... ,블루진의 기적노트,https://blog.naver.com/daesuk217,20220727
140,<b>스타벅스</b> 더블 에스프레소칩 프라푸치노,https://blog.naver.com/tlrevolution?Redirect=Log&logNo=222829374218,별 12개 적립 무료음료 쿠폰 사용을 위해서 방문한 <b>스타벅스</b>.. 결국엔 이번에도 별쿠폰 유효기간 마지막 날에 방문하게 되었네요.. STARBUCKS.. BUKGAJWA DRIVE THRU.. <b>스타벅스</b> 북가좌DT점을 찾았네요.. FIND YOUR... ,타미스다이너,https://blog.naver.com/tlrevolution,20220728
141,<b>스타벅스</b> &quot;블루베리 쏙 수플레 치즈 케이크&quot; &apos;22.7월 신메뉴... ,https://blog.naver.com/sangyun1106?Redirect=Log&logNo=222842953737,"오늘은 <b>스타벅스</b> '22.7월 신메뉴인 &quot;블루베리 쏙 수플레 치즈 케이크&quot; 리뷰로 찾아뵙게 되었습니다. 광고... 제품사진, 제품영양정보(<b>스타벅스</b> 앱 캡처) 수플레(soufflé)는 달걀 흰자에 여러 재료를 넣어 부풀린... ",N잡러민초파의 쩝쩝박사 도전기,https://blog.naver.com/sangyun1106,20220808
142,코로나와 울산 시내 버스 / <b>스타벅스</b> 신메뉴 / 서이추 테러,https://blog.naver.com/by_0304?Redirect=Log&logNo=222835896713,<b>스타벅스</b> 신메뉴 <b>스타벅스</b> 제주청귤레모네이드 오마카세 가기 전에 글쓰려고 스벅 들렸는데 첨가는 지점.. 그레이스님께 청귤레모네이드 주문했다고 인증샷 보냈는데 다먹으니 얼음만 남았냐고 여쭤보심..... ,아세마,https://blog.naver.com/by_0304,20220731
143,<b>스타벅스</b> 우리미 카스텔라 내돈내산,https://blog.naver.com/ciel82321?Redirect=Log&logNo=222821238816,초딩 아들이 빵종류 중 특히나 좋아하는 #카스테라 <b>스타벅스</b>에 커피 마시러 갔다가 우리쌀로 만든 카스테라가 있길래 사들고 집으로 왔다. #<b>스타벅스</b>우리미카스텔라 9500원 하얀 바탕에 <b>스타벅스</b> 골드카드... ,지구별여행자,https://blog.naver.com/ciel82321,20220720
144,<b>스타벅스</b> e카드 교환권 등록 / 해지하는 방법,https://blog.naver.com/bloomingjeju?Redirect=Log&logNo=222828652260,얼마전 생일때 아가씨에게 <b>스타벅스</b> e카드 교환권을 선물 받았어요 시골이지만 옆마을 함덕에는 <b>스타벅스</b>가 있기에 유용한 교환권 하지만 <b>스타벅스</b>를 자주 이용하지않다보니 어플도 없고 e카드 교환권을... ,연이네다락방 여행같은 제주 일상기록장,https://blog.naver.com/bloomingjeju,20220725
145,대구 월촌 8번출구 <b>스타벅스</b>월촌점,https://blog.naver.com/inteliwon?Redirect=Log&logNo=222820851616,남푠이 출장갑니다 저도 따라갑니다 이번 출장은 #대구 월촌 8번 출입구 #<b>스타벅스</b>월촌점 이 번 출장길 동행은 이 아이 입니다! ^^ 사실 <b>스타벅스</b> 커피를 좋아하지 않아요 라떼를 좋아하는데 <b>스타벅스</b>라떼는... ,"펌프킨의 소소한 이야기,퀼트,그리고 Coffee",https://blog.naver.com/inteliwon,20220720
146,[日常] <b>스타벅스</b> 요즘 뭐하는 거지? 도우스루 <b>스타벅스</b>...?,https://blog.naver.com/jazzmate?Redirect=Log&logNo=222828459540,주도 #<b>스타벅스</b> #주간일기 이번 #서머프리퀀시 증정품 받은거 정리해 놓고 대강 어디에 어떻게 써야겠다 생각중이었는데 두둥~!! #서머캐리백 에서 #폼알데하이드 가 나왔다는 제보~ <b>스타벅스</b>에서는 며칠 전 공지... ,14P 와가마마 레코멘,https://blog.naver.com/jazzmate,20220725
147,#20220809 호치민 쿠킹클래스/<b>스타벅스</b>/딤섬/카르멘... ,https://blog.naver.com/ai_hada?Redirect=Log&logNo=222844777293,#20220809 호치민 쿠킹클래스/<b>스타벅스</b>/딤섬/카르멘 ( + 호치민 여행 3 일차) 이번에 오며 하고싶었던 건 요가와 쿠킹클라스 ㅎㅎ 그 중 하나인 쿠킹클라스를 클룩에서 예약해서 방문했당 우리가 한 곳은 hoa tuc... ,스윗메르헨,https://blog.naver.com/ai_hada,20220810
148,"[<b>스타벅스</b>]블루베리 쏙 수플레 치즈케이크, 제주 청귤 라임... ",https://blog.naver.com/angela_402?Redirect=Log&logNo=222834791583,#안녕하세요젤라예요 #내돈내산 #<b>스타벅스</b> #블루베리쏙수플레치즈케이크 나는야 치즈케이크 덕후! 케이크중에 치즈케이크가 젤~루 좋다 엄마랑 스벅 데이트 하면서 이번 <b>스타벅스</b> 신메뉴인 블루베리 쏙... ,안녕하세요 젤라예요,https://blog.naver.com/angela_402,20220803
149,<b>스타벅스</b> 브랜드 네이밍 어떻게 만들어졌을까?,https://blog.theprconsulting.com/693,인사이트/브랜딩 <b>스타벅스</b> 브랜드 네이밍 어떻게 만들어졌을까? by Mash UP 2022. 6. 27. <b>스타벅스</b> 너무나도 유명한 커피 전문점인데요. <b>스타벅스</b>라는 브랜드 네임에 어떤 의미가 담겨져 있을까요? 스타벅... ,PR 매쉬업,https://blog.theprconsulting.com/,20220627
150,<b>스타벅스</b> 아이스크림 가성비대박 #유기농아이스크림초콜릿,https://blog.naver.com/makaronn?Redirect=Log&logNo=222834113315,카페인을 수혈하러 <b>스타벅스</b>에 왔습니다. 사람이 많아서 자리를 잡고 사이렌오더로 주문하려는데... #<b>스타벅스</b>유기농아이스크림 주말이라서 사람많은 스벅;;; 아이스크림 어찌 이렇게 동그랗게 퍼주셨지??... ,바닐라라이프,https://blog.naver.com/makaronn,20220729
151,파라스파라서울에서 토이뮤지엄과 <b>스타벅스</b>는 덤 !,https://blog.naver.com/thedalda?Redirect=Log&logNo=222837397258,꽂아놓고 <b>스타벅스</b>에서 커피한잔 사고 올라오면 딱 이예요 :) 회전 교차로에서 돌면 두가지 길이... 집앞이라 자주 들리거든요 :) 충천 꽂아두고 나와서 아래로 내려가면 <b>스타벅스</b>가 있어요 :) 커피한잔 사러... ,엄디디의 슬기로운생활,https://blog.naver.com/thedalda,20220802
152,여행용 <b>스타벅스</b> 서머 캐리백 수령,https://blog.naver.com/truelite?Redirect=Log&logNo=222820283288,"<b>스타벅스</b> 프리퀀시를 모아 받을 수 있는 서머 캐리백을 수령했습니다. (선물 받음, 감사합니다!) 서머... <b>스타벅스</b>는 고급 브랜드도 아니고 명품도 아닌 것이 은근히 인기가 좋아 신기합니다. 이번 <b>스타벅스</b> 서머... ",김기사,https://blog.naver.com/truelite,20220720
153,<b>스타벅스</b> 미아점 여름메뉴,https://blog.naver.com/mistyb74?Redirect=Log&logNo=222820856772,쓰러 <b>스타벅스</b> 고고. 어디로 갈까하다 걍 직장근처 미아점으로 외관샷 실내샷 점심때 갔더니 사람이 사람이;;; 자리 1도 없음 ㅋㅋ 뭐 이런 분위기입니당. 손님이 많아서 천장이랑 벽만 찍고 옴 <b>스타벅스</b> md 여름... ,"기둥언니의 놀고,먹고,떠나고",https://blog.naver.com/mistyb74,20220720
154,<b>스타벅스</b> 서머 캐리백 사태와 <b>스타벅스</b> 여름 아이템들,https://blog.naver.com/pigstudy?Redirect=Log&logNo=222825510566,"갖은 쿠폰을 소진하다가 얻게 된(?) <b>스타벅스</b> 서머 캐리백. 이렇게 접어서 쓰는 여름용 가방이다. 올해... <b>스타벅스</b>의 대처는 이렇다. 그야말로 귀추가 주목된다. 새삼 안내문을 잘 읽어본 후, 서머 캐리백은... ",글이 빛나는 밤에,https://blog.naver.com/pigstudy,20220723
155,대전 신세계 5층 <b>스타벅스</b> 리저브,https://blog.naver.com/kidart01?Redirect=Log&logNo=222818831320,5층 <b>스타벅스</b> 리저브 매장에 방문했어요~~ 신세계 백화점도 시원한데 <b>스타벅스</b> 리저브 매장은 추울 정도였어요 ㅋㅋ 피서하기 최적의 장소!! 대전 유성구 도룡동 신세계 백화점에 저녁에는 산책도 하고 마감 할인... ,신기루,https://blog.naver.com/kidart01,20220729
156,홈카페 홈브런치 | <b>스타벅스</b>머그컵 선물추천_크림 사이렌... ,https://blog.naver.com/lovecja0616?Redirect=Log&logNo=222843902456,"안녕하세요 #커피잔 <b>스타벅스</b>머그컵을 사랑하는 컨추리 리빙이에요 오늘은 소개드릴 제품 #<b>스타벅스</b>머그컵 워드마크스퀘어머그, 크림사이렌스퀘어머그 이에요~~ 눈뜨자마자 #홈카페 오픈과 동시에 아메리카노... ",오늘이 크리스마스 아침인 것처럼,https://blog.naver.com/lovecja0616,20220809
157,<b>스타벅스</b> 제주 청귤 라임 에이드 신메뉴 도전,https://blog.naver.com/ariel_0402?Redirect=Log&logNo=222829662154,세상에 <b>스타벅스</b> 서머 프로모션 두 번째 음료가 나왔다!!! 다른 동네로 가봐야겠다 하며 버스에 몸을... 급 내려서 조금 걸었다 ㅎ_ㅎ 그리하여 항상 가던 매장 다시 방문 완료 * <b>스타벅스</b> 고양원흥DT점 자세한... ,알라미의 블로그,https://blog.naver.com/ariel_0402,20220726
158,<b>스타벅스</b> 퍼스널옵션 쿠폰사용하기 1+1 조으다,https://blog.naver.com/amj5356?Redirect=Log&logNo=222821286540,"있던 <b>스타벅스</b> 퍼스널옵션 쿠폰을 사용해봅니다 <b>스타벅스</b> 다이어리에 들어 있는 쿠폰중 마지막 쿠폰이예요 두장은 오후, 오전 시간 맞춰 쓰는쿠폰 이었고 퍼스널 쿠폰은 ? 인터넷 검색해보니 제조음료중 내... ",왕뽈따구,https://blog.naver.com/amj5356,20220720
159,<b>스타벅스</b> 서머 캐리백 음료교환 및 추후 굿즈? 리워드? 선택,https://blog.naver.com/tjmh82?Redirect=Log&logNo=222837357597,그러다 오늘 아침 힘들게 받았던 <b>스타벅스</b> 서머 캐리백을 다시 꺼냈어요. 이거 맘에 들었는데 ㅠㅠ 포름알데히드 수령점아니더라도 가까운 <b>스타벅스</b> 매장 가면 되요. 안쪽에 황금보자기 색이 맘에 들었었는데.... ,오늘도 초보사장,https://blog.naver.com/tjmh82,20220802
160,[아시아드경기장역 카페] <b>스타벅스</b> 인천공촌DT점 (여름 마지막... ,https://blog.naver.com/woojoo90?Redirect=Log&logNo=222842395788,"899번째 <b>스타벅스</b> 매장, <b>스타벅스</b> 인천공촌DT점 입니다. &lt; 용쿤's 899th <b>스타벅스</b> : <b>스타벅스</b> 인천공촌DT점 &gt; 주소 인천광역시 서구 경명대로694번길 2 (공촌동) 인천광역시 서구 공촌동 308-4 영업시간 8시 ~ 22시... ",CJ 투어 (Cafe & Joy Tour),https://blog.naver.com/woojoo90,20220808
161,<b>스타벅스</b> 리유저블 컵 쓰다 바꾼 이중 아이스컵,https://blog.naver.com/chaetle6?Redirect=Log&logNo=222832322790,전회사에서 거의 2년 가깝게 쓰던 <b>스타벅스</b> 리유저블 컵~ 전회사가 여의도 <b>스타벅스</b> 건물이라서 항상 1층에서 개인컵을 썼었는데 이번에 이직한 회사는 커피머신이 있어서 커피값이 완전 굳어버림 그전에는 항상... ,뀨,https://blog.naver.com/chaetle6,20220728
162,<b>스타벅스</b> 신메뉴 우리쑥크림프라푸치노,https://blog.naver.com/lalad?Redirect=Log&logNo=222831744466,<b>스타벅스</b> 신메뉴 우리쑥크림프라푸치노 #우리쑥크림프라푸치노 #스벅신메뉴 #쑥프라푸치노 #스벅프라푸치노 #캐모마일티 내가 좋아하는 쑥! 이번에 스벅 신메뉴로 쑥프라푸치노가 나왔다. 갈산역 근처에... ,릴리랄라 행복한 일상❤ 미식×인테리어,https://blog.naver.com/lalad,20220727
163,<b>스타벅스</b> 카페라떼 오트밀크 변경+이벤트 기프티콘+통신사할인... ,https://blog.naver.com/yoo891026?Redirect=Log&logNo=222840132798,ㅜ 지각은 안했지만 아침부터 땀을 쪽 빼고 피곤해서 오랫만에 <b>스타벅스</b>에서 라떼를 사먹었다! <b>스타벅스</b> 오트라떼 그란데 사이즈 지출 0원 카페라떼 톨사이즈 5000원 + 그란데로 사이즈 업 500원 + 우유를... ,찹쌀떡인절미의 블로그,https://blog.naver.com/yoo891026,20220808
164,굿앤디자인 X <b>스타벅스</b> : 22 접이식 돌고래 양우산 제작,https://blog.naver.com/gnd2003?Redirect=Log&logNo=222842648739,#굿앤디자인 과 #<b>스타벅스</b> 의 만남으로 #<b>스타벅스</b>22 #접이식 #돌고래 #양우산 이 탄생하였습니다. <b>스타벅스</b> : 22 접이식 돌고래 양우산 제작 G&amp;D [<b>스타벅스</b>] 22 접이식 돌고래 양우산 요즘 여름은 쨍쨍한 햇빛과... ,G&D,https://blog.naver.com/gnd2003,20220808
165,영양제 후기 쓰고 <b>스타벅스</b> 기프티콘 받는 법) ♥,https://blog.naver.com/soje1234?Redirect=Log&logNo=222834808013,마침 영양제 리뷰를 쓰기만 하면 <b>스타벅스</b> 기프티콘을 100% 증정하는 이벤트가 지금 바로 진행되고 있드라구 ◡̈  내가 먹어본 영양제 리뷰 5개 이상만 쓰면 되고 베스트 리뷰어 10명에게는 신세계상품권까지... ,민속학도의 시선으로 담은 기록보관소,https://blog.naver.com/soje1234,20220730
166,"<b>스타벅스</b> 카드 등록, <b>스타벅스</b> 카드 잔액이전 방법",https://blog.naver.com/angela_402?Redirect=Log&logNo=222796598464,#안녕하세요젤라예요 #<b>스타벅스</b> #스벅 <b>스타벅스</b> 카드 금액(잔액)을 한곳에 모으고싶다면 반드시 분실신고 후 잔액이전을 해야한다. '일부러 분실신고하면 그 속에 남아있는 돈 못 쓰는거 아냐?!'하고... ,안녕하세요 젤라예요,https://blog.naver.com/angela_402,20220701
167,방콕의 랑수안 <b>스타벅스</b>는 아시아 1호점이 아닙니다,https://blog.naver.com/malahalo?Redirect=Log&logNo=222825045305,태국 방콕 여행을 기획한 나언니가 방콕에 아시아 1호점 <b>스타벅스</b>가 있다고 해서 굉장히 설레는... 실제로 국내에선 보기 힘든 형태의 건물이 <b>스타벅스</b>여서 시선을 끌긴 하더라고요. 심지어 저희가 묵었던 호텔... ,라깰의 어제보다 즐거운 오늘,https://blog.naver.com/malahalo,20220723
168,<b>스타벅스</b> 서머 캐리백_논란의 증정품 땡큐 쿠폰(전사이즈) 3장... ,https://blog.naver.com/mylittlebb?Redirect=Log&logNo=222837976396,"이번 <b>스타벅스</b> 여름 프리퀀시 캐리백은 진짜 마음에 쏙 드는 아이였는데, 발암물질인 폼알데히드가... 없었음 <b>스타벅스</b> 앱으로 내용을 확인하고 물건을 들고 인근 포포인츠 <b>스타벅스</b>로 향함 한번도 사용하지... ",My Little B,https://blog.naver.com/mylittlebb,20220803
169,"coffee, 2022/ <b>스타벅스</b>&amp;폴바셋&amp;커피빈&amp;네스프레소 5-7월",https://blog.naver.com/tjsdlswkd303?Redirect=Log&logNo=222827867157,"#번트치즈케이크 <b>스타벅스</b>에선 왠만하면 케이크 종류는 안사려고하는데, 갑자기 치케가 고파서..급... #아이스유스베리로즈티브리즈 이 음료를 마지막으로 정말 <b>스타벅스</b> 신메뉴는 끊으련다. 충전해둔 카드... ",TravEl rEciPe,https://blog.naver.com/tjsdlswkd303,20220730
170,2022 <b>스타벅스</b> 서머 캐리백 그린 드디어 GET!,https://blog.naver.com/pumaeunji?Redirect=Log&logNo=222820846611,드디어 겟 한 22년도 <b>스타벅스</b> 서머 캐리백 맨날 맨날 시도했는데 그린캐리백이 없어서 계속 미루어지다가 드디어 받았다 22년 <b>스타벅스</b> 증정품은 서머캐리백 or 서머코지후디 or 서머캐빈파우치 세개중에 택1... ,"비비수니-NEWLYWED,DAILY",https://blog.naver.com/pumaeunji,20220720
171,<b>스타벅스</b> 프리퀀시 서머캐리백(크림) 예약수령 후기,https://weesh.tistory.com/entry/%EC%8A%A4%ED%83%80%EB%B2%85%EC%8A%A4-%ED%94%84%EB%A6%AC%ED%80%80%EC%8B%9C-%EC%84%9C%EB%A8%B8%EC%BA%90%EB%A6%AC%EB%B0%B1%ED%81%AC%EB%A6%BC-%EC%98%88%EC%95%BD%EC%88%98%EB%A0%B9-%ED%9B%84%EA%B8%B0,"<b>스타벅스</b>의 여름 E-프리퀀시 시즌이 도래했습니다. 원래 여름꺼는 잘 안모았는데, 이번에 어쩌다보니 <b>스타벅스</b> 커피를 꽤 마시게 되어서 자연스레 모으게 되었습니다(?) 프리퀀시 완성 후에 바로 매장에서... ",weeshlist,https://weesh.tistory.com/,20220615
172,2022 <b>스타벅스</b> 여름 md SUMMER 2 프로모션 엠디 출시,https://blog.naver.com/ameliepink?Redirect=Log&logNo=222828269619,"<b>스타벅스</b> SUMMER 2 7월 26일 #<b>스타벅스</b>엠디출시 #SUNNER2프로모션MD #여름엠디 다 나왔는데 또 나옴? 하긴..아직 여름이구나.. 그럼 이건 3차가 아닌거야? 아 헷갈려.. 4월, 6월 여름 엠디가 나왔고.. 이건 또 나오네... ",핑크빛 가득한 아멜리에,https://blog.naver.com/ameliepink,20220725
173,<b>스타벅스</b> 서머 캐리백 - 레드,https://blog.naver.com/ohju1010?Redirect=Log&logNo=222817529808,<b>스타벅스</b> 서머 캐리백 이번엔 탈 생각이 진짜 찐으로 없었는데 친구찬스로 요렇게 받게 되었어요.... 똑딱이 단추에 <b>스타벅스</b> 로고라니...  디테일 보소~ 가방 자체 냄시가 좀 나긴 하지만 열어두면 금새 빠진다고... ,逍遙日常 소요일상,https://blog.naver.com/ohju1010,20220718
174,[<b>스타벅스</b> 서머 캐리백 음료교환권],https://blog.naver.com/sally_86?Redirect=Log&logNo=222830993641,일단 우려가 있기 때문에 <b>스타벅스</b>에서는 음료교환권 3장을 준다고 하더라구요. 최근에 분가 이후... #<b>스타벅스</b>서머캐리백교환#<b>스타벅스</b>발암물질 #<b>스타벅스</b>폼알데하이드#<b>스타벅스</b>땡큐쿠폰,sally home & life,https://blog.naver.com/sally_86,20220727
175,제주 협재 해수욕장 <b>스타벅스</b> &amp; 제주 감성 기념품샵 오달콤제주,https://blog.naver.com/boring_29?Redirect=Log&logNo=222836331881,ㅎㅎ 제주 협재 해수욕장 <b>스타벅스</b> 제주 감성 기념품샵 오달콤제주 - 두 아이와 함께 하는 제주 여행... 그래서 아이들과 함께 협재 해수욕장에 있는 <b>스타벅스</b>에 갔습니다. 협재 해수욕장에 다른 카페도 있지만... ,보링보링의 손으로 만든 세상,https://blog.naver.com/boring_29,20220802
176,2022 <b>스타벅스</b> 여름 MD 3차 스탠리 디자인이 괜찮네요,https://blog.naver.com/sunzooland?Redirect=Log&logNo=222829304099,2022 <b>스타벅스</b> 여름 MD 3차 출시가 된다는 소식에 지난주였나? 온라인으로 미리 살펴보고는 '장바구니'에... 2022 <b>스타벅스</b> 여름 md 3차 제품들은 전반적으로 색이 괜찮은 듯싶어요. 노란색이 일부 있기는 하지만... ,La Vie En Rose,https://blog.naver.com/sunzooland,20220726
177,<b>스타벅스</b> 서머캐리백 땡큐쿠폰으로 교환(보상교환),https://blog.naver.com/kwljk?Redirect=Log&logNo=222834384901,요즘 연일 뉴스에서 <b>스타벅스</b> 프리퀀시로 받은 서머 캐리백때문에 말이 많죠~저도 보고 듣고 있었는데....저는 지난 번 포스팅 했던 것 처럼 <b>스타벅스</b> 서머캐리백 크림과 파우치 핑크 2개를 받았었는데요... 일단... ,Lies only lead to more lies,https://blog.naver.com/kwljk,20220730
178,<b>스타벅스</b> 투고그린 MD,https://blog.naver.com/smr1029?Redirect=Log&logNo=222818234904,오늘 출시된 <b>스타벅스</b> 투고그린 MD 가까운 매장에 오픈시간 맞춰서 다녀왔습니다. 이거 사려고 이렇게... 근데 <b>스타벅스</b> 어플에 지금 gift 배송하기로 주문하고 등록된 <b>스타벅스</b> 카드로 결제하면 별이 2배... ,♥ 미란 ♥,https://blog.naver.com/smr1029,20220719
179,캠핑장에 함께 한 <b>스타벅스</b> 프리퀀시 서머 캐리백 크림,https://blog.naver.com/dalcom96?Redirect=Log&logNo=222830092486,"이번 캠핑여행엔 <b>스타벅스</b> 서머 캐리백에 캠핑장에서 쓸 베개를 담아 갔답니다. 베개와 대형 타월... <b>스타벅스</b> 서머캐리백, 발암물질 논란…사측 &quot;검사 진행중&quot; 이번에 코베아 캠핑 베개를 2개 구입했어요.... ",크리에이터민의 라이프 스테이지,https://blog.naver.com/dalcom96,20220726
180,<b>스타벅스</b> 팟타이 두부면 보울 밀박스 + 서머 로드 트립 머들러,https://mooncake.tistory.com/2492,먹고 다닌 기록 <b>스타벅스</b> 팟타이 두부면 보울 밀박스 + 서머 로드 트립 머들러 mooncake 2022. 7. 10. 22:30 <b>스타벅스</b> 팟타이 두부면 보울 밀 박스 회사에서 간단한 점심 겸 라떼와 함께 구입. 사이렌 오더로... ,wanderlust - wanderlust,https://mooncake.tistory.com/,20220710
181,[<b>스타벅스</b> 아이스 라벤더 카페 브레베] 커피 맛에 묻힌 흙속에서... ,https://blog.naver.com/ohnyoou?Redirect=Log&logNo=222841098095,"<b>스타벅스</b> 아이스 라벤더 카페 브레베 되시겠다, 원두 차이 따라 가격 차가 나긴 했는데 나는 그냥... 사이렌 오더에서 홀린 듯 주문하게 만들었던 밑에 깔린 은은한 보랏빛 라벤더 시럽~~ 개인적으론 <b>스타벅스</b>... ",mellow mingle,https://blog.naver.com/ohnyoou,20220806
182,<b>스타벅스</b> 투고 그린 쿨링백 구입 후기,https://blog.naver.com/wh012?Redirect=Log&logNo=222826803596,<b>스타벅스</b> 23주년 기념 투고 그린 쿨링백 구입 후기 <b>스타벅스</b> 23주년 기념 투고그린 MD 5종이 출시되었다. 그중에 내 눈에 띈 것은 투고 그린 쿨링백!! 요즘 작은 보냉백을 구입하려고 찾던 중이었는데 마침 뙇!... ,용쓰 랜드,https://blog.naver.com/wh012,20220724
183,책 선물하고 <b>스타벅스</b> 커피 2잔 받자! &quot;젤리페이지 &lt;책... ,https://blog.naver.com/hanurimom?Redirect=Log&logNo=222822628311,거기에 <b>스타벅스</b> 커피는 보너스죠~! 이번 &lt;친구에게 책 선물하기&gt; 이벤트를 통해 소중한 친구에게 책 선물을 해 보세요! 책을 선물받고 젤리페이지에 가입한 친구가 늘어날 때마다 소개해준 회원에게 <b>스타벅스</b>... ,한우리독서토론논술 공식블로그,https://blog.naver.com/hanurimom,20220721
184,[일상]<b>스타벅스</b> 거여점/거여역 <b>스타벅스</b>,https://blog.naver.com/sflhsjyh?Redirect=Log&logNo=222814121142,코너속의 코너라고 할까요ㅋㅋ 매일 요리수업 사진만 올리기 지겨우니 오늘은 제 일상 중 많은 부분을 차지하는 <b>스타벅스</b>에서의 잠깐을 올려봐요 ㅎㅎ 우선 거여역에 <b>스타벅스</b>가 생긴건 다들 아시죠?~ 매번... ,따뜻한부엌,https://blog.naver.com/sflhsjyh,20220716
185,"120% K-패치 완료된 회사, <b>스타벅스</b> 코리아",https://blog.naver.com/superheavy?Redirect=Log&logNo=222834736544,"이케아, 맥도날드, <b>스타벅스</b> 등이 대표적인 예가 되겠다. 해외 생활을 할 때, 그리고 세계 여러 장소들을 유랑할 때 가장 많이 들렀던 장소 중 하나는 <b>스타벅스</b>였다. 언제나 생각하는 그런 맛을 먹을 수 있다는... ",날개in;Lifelog,https://blog.naver.com/superheavy,20220730
186,양평 <b>스타벅스</b>DTR 야외테라스,https://blog.naver.com/loveme_l?Redirect=Log&logNo=222821211799,매주 가는 양평 갈때 마다 카페에도 들리고는 하는데 얼마 전에 양평 <b>스타벅스</b>에 다녀왔었다. 사이렌... 오늘 두번째 방문 이게 양평 <b>스타벅스</b> QR 코드이다. 왜 검색이 안될까... 아쉽네. 오늘은 3층을 이용해... ,beginning,https://blog.naver.com/loveme_l,20220720
187,<b>스타벅스</b> 리저브 뉴욕| Starbucks Reserve Roastery,https://blog.naver.com/nyhotpoint?Redirect=Log&logNo=222816735928,"#<b>스타벅스</b>리저브 #<b>스타벅스</b>리저브로스터리 #starbucksreserveroastery 그냥 비싸다는 소문으로 풍문으로 들었소~~~ 뭐가 다른게야? 매번 지나쳐 다녔지만 무심코 지나쳤던 미트패킹 디스트릭트, 첼시마켓 바로... ",세계를 여행하고 뉴욕을 선택하다,https://blog.naver.com/nyhotpoint,20220718
188,<b>스타벅스</b> 서머 캐리백 크림 무보정 리뷰,https://blog.naver.com/soravan?Redirect=Log&logNo=222820983130,한우씨가 회사에서 부지런히 <b>스타벅스</b> 커피를 마시더니 뭔가 하나 가져왔습니다. <b>스타벅스</b> 서머 캐리백 크림입니다. 이웃님들 감성샷 많이 보셨죠? 오늘은 너저분한 집구석에서 아무 조명없이 찍으면 어떤... ,왜-가-리,https://blog.naver.com/soravan,20220720
189,"<b>스타벅스</b>,베스킨라빈스 경품 겟! 인스타그램 퀴즈 이벤트!",https://blog.naver.com/kicox1964?Redirect=Log&logNo=222808468743,▣응모 기간 7월 12일 (화) ~ 7월 19일 (화) ▣당첨자 발표 2022년 7월 26일 (화) ▣이벤트 경품 ※총 50명 선정 모바일 교환권 ▶1등 감동상 (5명) <b>스타벅스</b> 땡스 어 라떼 세트 ▶2등 땡큐상 (45명)... ,한국산업단지공단,https://blog.naver.com/kicox1964,20220712
190,<b>스타벅스</b> 고객사과문 2022 여름 프리퀀시 서머캐리백 관련,https://blog.naver.com/sounder2?Redirect=Log&logNo=222833390203,<b>스타벅스</b> 고객사과문 2022 여름 프리퀀시 서머캐리백 관련 내용입니다. <b>스타벅스</b> 어플에 들어갔더니 고객사과문이 바로 나오더군요. 그동안 사람들이 <b>스타벅스</b>를 믿고 프리퀀시를 위해서 음료도 많이... ,sounder&apos;s Brick & Brick,https://blog.naver.com/sounder2,20220729
191,<b>스타벅스</b> 투고그린 md 오거나이저 구입 후기,https://blog.naver.com/etienne03?Redirect=Log&logNo=222819449298,<b>스타벅스</b> 투고그린 md 오거나이저 구입 후기 오늘은 <b>스타벅스</b> 투고그린 md가 나오는 날이에요. 그래서 조금 일찍 서두를까 하다 날도 덥고 또 점심에 약속이 있어서 그냥 느지막이 들러봤어요. 쿨링백... ,Barbie&apos;s place,https://blog.naver.com/etienne03,20220719
192,대전신세계백화점  엑스포스카이점 <b>스타벅스</b> 솔직후기,https://blog.naver.com/miin2777?Redirect=Log&logNo=222824323681,주말엔 줄서서 타야한대요 아주 어마어마 하다는데 오늘 전 안기다림 히힛 신세계 <b>스타벅스</b> 오늘... 신세계백화점 <b>스타벅스</b> 움…. 아주 한적할때라면 넘 좋을듯 그거 아니라면 저는 비추천 ! 담에 다시... ,플뢰르,https://blog.naver.com/miin2777,20220722
193,<b>스타벅스</b> 서머 캐리백 레드 냄새와 종이 빨대 등 품질 논란 왜?,https://blog.naver.com/mybmw81?Redirect=Log&logNo=222829550589,"<b>스타벅스</b>가 최근에 품질 이슈로 시끄럽습니다. 커피 맛의 선호도 때문에 평소에도 <b>스타벅스</b>를 자주 가기 때문에 이번에 논란이 된 서머 캐리백은 물론이고, 앞서 문제가 되었던 종이 빨대 등 음료나 커피의... ",김프로의 경제창고,https://blog.naver.com/mybmw81,20220726
194,<b>스타벅스</b> 남양산IC DT점 : 주차장도 넉넉! DT도 있어서 편리!,https://blog.naver.com/qptcjstk6?Redirect=Log&logNo=222821097866,<b>스타벅스</b> 남양산IC DT점 이번에 양산여행 갔을때 일행중 한명이 아침출근을 해야해서 주변에 아침 간단히 먹을 곳 없나해서 우리사랑 내사랑 <b>스타벅스</b>에 잠시 들리기로 했답니다 ㅋㅋ 원래 계획은 조식겸... ,"Hello , 현정이 이야기",https://blog.naver.com/qptcjstk6,20220720
195,드디어 영도의 두번째 <b>스타벅스</b> 영도청학DT점 오픈,https://blog.naver.com/couticouti?Redirect=Log&logNo=222822125473,#<b>스타벅스</b> #영도 #영도<b>스타벅스</b> 드디어 그토록 기다리던 <b>스타벅스</b> 영도청학DT점이 오픈했습니다. 사실 영도다리 스벅은 너무 입구라 잘 안가지는데 드디어 생활반경안에 스벅이 생겼다는거ㅋㅋㅋ 지난 몇 년... ,LOVE trip,https://blog.naver.com/couticouti,20220721
196,[사천여행] 삼천포에서 여유롭게 한잔 _ <b>스타벅스</b> 사천벌리점,https://blog.naver.com/somi245?Redirect=Log&logNo=222825295393,화장실도 자주가게되니 어디를 갈까 하다가 제일 편할것 같은 <b>스타벅스</b>를 찾아보았어요. 선물받은... 앞 #<b>스타벅스</b>사천벌리점 드디어 도착 처음와본 지점인데 실내가 예뻤더라고요. 여름 MD 예쁘네 사지는 않고... ,솜 그림일기,https://blog.naver.com/somi245,20220723
197,<b>스타벅스</b> 로고 디폼블럭 만들기,https://blog.naver.com/kangho1999?Redirect=Log&logNo=222834114623,<b>스타벅스</b> 로고 그 인어공주같은 그 로고 디폼블럭 도전한다. 디폼블럭으로 아이가 여러가지 도안으로... 근데 이 <b>스타벅스</b>로고 디폼블럭은 엄청 크다. 대충봐도 큰데..어디 쓸때가 있을지 모르겠지만 도전해본다.... ,ID:workerant,https://blog.naver.com/kangho1999,20220729
198,<b>스타벅스</b> 캐리백 쿠폰 교환 후기,https://blog.naver.com/freshtomato?Redirect=Log&logNo=222833826804,"되고, <b>스타벅스</b>앱에 옮겨서 사용하셔도 되는데 쿠폰 등록 <b>스타벅스</b> 앱 방법 1. 앱 첫화면 윗쪽에 Coupon 을 클릭 2. 쿠폰 화면에서 오른쪽 상담의 + 표시 클릭 3. 쿠폰등록창으로 넘어가는데 여긴 보안이 걸려서... ",수봉리로스터스,https://blog.naver.com/freshtomato,20220729
199,2022 <b>스타벅스</b> 여름 md 3차 곰돌이 텀블러 구입 후기,https://blog.naver.com/etienne03?Redirect=Log&logNo=222829970523,안녕하세요 바비에요:) 오늘은 2022 <b>스타벅스</b> 여름 md 3차 출시날이에요. 저는 미리 사진으로 종류와... 이름은 <b>스타벅스</b> 베어리스타 글라스 콜드컵이에요. 제가 꼭 갖고 싶어서 아침 일찍 서둘렀는데... ,Barbie&apos;s place,https://blog.naver.com/etienne03,20220726
200,[음료] <b>스타벅스</b> 여름한정음료 제주청귤라임에이드 마셔봤어요.,https://blog.naver.com/danjy12?Redirect=Log&logNo=222838299262,이래저래 말많고 탈많은 <b>스타벅스</b>... 갈수록 문제가 많아지는 <b>스타벅스</b>.... 음료값은 비싸지고.. 맛은.. 특별한게없는..그런 <b>스타벅스</b>... 그렇지만 한번씩 찾게되는 그런 마성의 카페...입니다..... ,Lovely Soo~:-D,https://blog.naver.com/danjy12,20220803
201,<b>스타벅스</b> 애플망고 코코넛 내돈내산 후기,https://blog.naver.com/skfoalsxm?Redirect=Log&logNo=222832585040,"<b>스타벅스</b>에 갔는데 신메뉴가 보이길래 호기롭게 먹어보았다. 이름은 애플망고코코넛! 가격은 4,300원... nooooo <b>스타벅스</b> 오면 원래 드시던 음료 드세요… 코코넛 향 사랑 + 시고 상큼한 맛 선호+ 도전 정신 있는... ",잘 먹고 잘 살기의 기록,https://blog.naver.com/skfoalsxm,20220728
202,2022 <b>스타벅스</b> 서머 캐리백 반품 &amp; 땡큐쿠폰 교환 방법 !!... ,https://blog.naver.com/pjjy4996?Redirect=Log&logNo=222835686413,"'서머 캐리백 사태' <b>스타벅스</b>, 공식 확인 및 사과 발암물질이라니..? 사실 냄새도 나고 아직 쓸 기회가 없어서 박스에 고히 보관하고 있었는데 그대로 <b>스타벅스</b> 매장에 반납인지 반품인지 아무튼 갖다주면... ",고구마깡&apos;s Blog♡,https://blog.naver.com/pjjy4996,20220731
203,<b>스타벅스</b> 선불충전금과 선수금 회계처리 기본 개념,https://blog.naver.com/zhowoon79?Redirect=Log&logNo=222803235614,<b>스타벅스</b> 코리아 홈페이지 <b>스타벅스</b> 선불충전금도 일종의 선수금이다. 사이렌이라는 편리한 서비스를 이용하기 위해 미리 충전해 놓은 결제 대금인 것이다. 지금 <b>스타벅스</b>는 이런 결제 대금을 과거 조선사처럼... ,기업의 일생 feat. 회계사,https://blog.naver.com/zhowoon79,20220801
204,<b>스타벅스</b> 서머 캐리백 발암물질 포름알데히드가?,https://blog.naver.com/dongi0508?Redirect=Log&logNo=222825869720,<b>스타벅스</b> 서머 캐리백 발암물질 포름알데히드가? 뉴스를 보니까 스벅에서 올 여름 시즌 E-프리퀀시... 그럼 교환을 하기 이전에 <b>스타벅스</b> 서머캐리백 발암물질이 발견되었다는 것은 어디서 나온 정보일까? 최근... ,Der Sinn des Lebens,https://blog.naver.com/dongi0508,20220723
205,<b>스타벅스</b> 비건 메뉴 프렌치 바게트 샌드위치,https://blog.naver.com/1320god?Redirect=Log&logNo=222814412618,"<b>스타벅스</b> 새로 나온 비건 샌드위치 홍보는.. 안 하시나봐요,,? 가능한 안 가려고 하지만.. 그나마 내가 먹을 수 있는 것을 계속 내주는 건 <b>스타벅스</b> 뿐.. 분하다 다른 카페들 분발해봐 좀... #<b>스타벅스</b>... ",무늬를 찾아서,https://blog.naver.com/1320god,20220716
206,<b>스타벅스</b> 서머 캐리백 크림 냄새 발암물질 검출로 교환 및 보상... ,https://blog.naver.com/bwh011?Redirect=Log&logNo=222833035470,<b>스타벅스</b> 서머 캐리백 크림 생각보다 어렵게 이 아이템을 구했습니다... 받아 놓고선 바로 쓸 일이... 28일 오늘 날짜로 <b>스타벅스</b> 서머 캐리백 크림 냄새 그리고 발암물질인 폼알데하이드 검출 됐다고 기사가 났고... ,"최상의 커뮤니티, 운동 레저 그리고 삶",https://blog.naver.com/bwh011,20220728
207,<b>스타벅스</b> 망원한강공원점 feat.스벅생일쿠폰,https://blog.naver.com/june_be?Redirect=Log&logNo=222818747654,"<b>스타벅스</b> 망원한강공원점 요즘 가장 핫한 <b>스타벅스</b> 중 한 곳이 아닐까 싶다. 여전히 평일, 주말 가리지 않고 사람이 많은 편이지만 흐리다가 점심 무렵 맑아진 어느 평일에는 사람이 많지 않아 여유롭게 즐길 수... ",오늘도 밝음♡,https://blog.naver.com/june_be,20220719
208,<b>스타벅스</b> 보온병,https://blog.naver.com/jonghong0316?Redirect=Log&logNo=222831382757,"<b>스타벅스</b>는 머그, 글라스, 텀블러, 보온병 등의 다양한 상품을 온라인 <b>스타벅스</b> 웹 사이트에서 소개하고 있죠. https://www.starbucks.co.kr/menu/product_list.do 매장에서는 <b>스타벅스</b> 보온병을 보통 500ml까지만... ",•_•,https://blog.naver.com/jonghong0316,20220727
209,<b>스타벅스</b> 서머캐리백 폼알데하이드 검출 인정 공식 사과문,https://blog.naver.com/vpdlf1004?Redirect=Log&logNo=222833649034,"&quot;<b>스타벅스</b> 서머캐리백 폼알데하이드 검출 인정, 공식 사과문..&quot; 얼마 전 <b>스타벅스</b>에서 e프리퀀시 적립 이벤트를 진행했었고, 나도 오랜 시간에 걸쳐 프리퀀시 적립을 가까스로 마치고 7시 땡 대기 타고... ",나를 찾아 떠나는 여행 ··─★,https://blog.naver.com/vpdlf1004,20220729
210,부산 삼락생태공원 <b>스타벅스</b> 삼락강변DT점,https://blog.naver.com/ipink0505?Redirect=Log&logNo=222812923312,드디어 #삼락공원 에서 건널목 하나만 건너면 만날 수 있는 <b>스타벅스</b>가 생겼어요. #<b>스타벅스</b> #<b>스타벅스</b>삼락강변DT #<b>스타벅스</b> #<b>스타벅스</b>삼락강변점 #<b>스타벅스</b>삼락강변DT #삼락생태공원 2층 사진부터 보여드릴게요.... ,민화작가_청은 김지숙,https://blog.naver.com/ipink0505,20220716
211,열정♡동해- [<b>스타벅스</b> 동해DT점] [당일 1차 - 오전 방문],https://blog.naver.com/clala92?Redirect=Log&logNo=222824666616,<b>스타벅스</b> 동해DT점에 왔습니다~~ <b>스타벅스</b> 동해DT점 영업시간 07:30 - 21:30 1522-3232 강원 동해시 중앙로 219 손씻고 조용히 책을 읽고 집으로 돌아가려고.... 2층으로 올라왔습니다~~ 8시가 조금 안된... ,간호사 열정 story,https://blog.naver.com/clala92,20220722
212,양평 뷰 좋은 카페  양평 <b>스타벅스</b> dtr,https://blog.naver.com/honeymw?Redirect=Log&logNo=222816748769,안녕하세요 양평 뷰 좋은 카페 양평 <b>스타벅스</b> dtr 점을 다녀왔습니다. 한동안 대기 난리라고 했는데 이제 양평 <b>스타벅스</b> 웨이팅은 좀 괜찮은 것 같아요 양평 <b>스타벅스</b>는 드라이브스루 가능하다. 양평 스벅 큰... ,이야이야오,https://blog.naver.com/honeymw,20220718
213,"<b>스타벅스</b> 서머캐리백 교환, 보상. 발암물질이라니!",https://blog.naver.com/hyoniholic?Redirect=Log&logNo=222833161060,<b>스타벅스</b> 서머캐리백에서 발암물질 검출 확인 되었다고. 나 3개나 있는데 -_- 크림색 예쁘다고... 굿즈 싫으면 <b>스타벅스</b> 리워드 카드 3만원을 적립해준다고. 음료 17잔을 마셨는데 보상이 3만원은 넘 적은거... ,사랑.. 함께 했던 시간에 대한 예의,https://blog.naver.com/hyoniholic,20220728
214,경주 첨성대 &amp; <b>스타벅스</b> 경주대릉원점,https://blog.naver.com/juya78?Redirect=Log&logNo=222814129995,경주 첨성대 &amp; <b>스타벅스</b> 경주대릉원점 오늘 초복이라 경주시댁에 잠시들렀다가 집에오기전 신랑이랑 둘이 커피나 한잔 할까하고 <b>스타벅스</b> 경주대릉원점에 잠시 들렀어요 디카페인 아메랑 허니자몽블랙티... ,김실장의 작은상점,https://blog.naver.com/juya78,20220716
215,"<b>스타벅스</b> 서머 캐리백 교환 보상 정보 (새 굿즈, 기프트카드... ",https://blog.naver.com/wkdgksk0605?Redirect=Log&logNo=222836024681,안녕하세요 하나입니다:) 여러분 최근에 <b>스타벅스</b>에서 큰 문제가 생겼었죠.. 올해 5월부터 17잔을 마시고 프리퀀시를 모으면 서머 캐리백으로 교환해주는 이벤트를 진행했었는데요! <b>스타벅스</b>를 자주 이용하는... ,@hana__j,https://blog.naver.com/wkdgksk0605,20220801
216,<b>스타벅스</b> 신메뉴 제주 청귤 라임 에이드 직접 마셔 본 후기,https://blog.naver.com/soqls0321?Redirect=Log&logNo=222829170883,"<b>스타벅스</b> 신메뉴 제주 청귤 라임 에이드 직접 마셔 본 후기. <b>스타벅스</b>에서 신메뉴 3종이 출시되었어요. &lt;제주 청귤 라임 에이드&gt;, &lt;우리 쑥 크림 프라푸치노 with 콜드브루&gt;, &lt;쿨 서머 캐모마일 블렌디드... ",요이삔것의 즐거운 일상,https://blog.naver.com/soqls0321,20220726
217,<b>스타벅스</b> 서머 캐빈 파우치,https://blog.naver.com/yamako0221?Redirect=Log&logNo=222812915379,<b>스타벅스</b> 서머 캐빈 파우치~~ 갖고 싶었는데... 엔댜님께서 벼룩할때 구매했어요^^ 사실... 녹색도 하나 더 오고 있지요 ㅎㅎ <b>스타벅스</b> 서머 캐빈 파우치와 함께 스컬판다 아담스패밀리중 한명도 같이 왔어요~~!!... ,히히낭낭,https://blog.naver.com/yamako0221,20220715
218,"고속버스터미널역 카페, 서울 이색 <b>스타벅스</b>",https://blog.naver.com/hex79?Redirect=Log&logNo=222812901340,"서울 고속버스터미널역 카페, 고속터미널 파미에스테이션 카페, 이색 <b>스타벅스</b>라고 하여 찾아가보았습니다. 서울에는 이색 <b>스타벅스</b>, 독특한 <b>스타벅스</b>가 있어 <b>스타벅스</b> 투어하시는 분들도 있다 하였습니다. 그... ",사진하나 추억하나,https://blog.naver.com/hex79,20220715
219,[마곡나루역 카페] <b>스타벅스</b> 마곡나루공원점 (햇사과 주스),https://blog.naver.com/woojoo90?Redirect=Log&logNo=222827451031,매장 <b>스타벅스</b> 마곡나루공원점 입니다. 마치 드라이브스루처럼 보이지만 이 매장은 드라이브스루 매장이 아닙니다. 그래도 주차장은 갖추고 있어요. &lt; 용쿤's 893rd <b>스타벅스</b> : <b>스타벅스</b> 마곡나루공원점... ,CJ 투어 (Cafe & Joy Tour),https://blog.naver.com/woojoo90,20220725
220,돌체구스토 캡슐 추천 : <b>스타벅스</b> 아이스아메리카노,https://blog.naver.com/jiun2327?Redirect=Log&logNo=222767774627,그럼 리뷰 시작 내가 구매한 돌체구스토 캡슐 이름은 <b>스타벅스</b> 아이스 아메리카노 이다. 나는... 그냥 깔끔하게 <b>스타벅스</b> 사이렌 로고에 뒷면에는 make it your at home 이라고 써져 있음. 뭐 길게 설명할것 없이... ,bbbbblog,https://blog.naver.com/jiun2327,20220610
221,"<b>스타벅스</b> 한 입에 쏙 치즈 꿀 볼 : 내돈내산 후기, 아침 대용... ",https://blog.naver.com/pa40533?Redirect=Log&logNo=222831699547,<b>스타벅스</b> 한 입에 쏙 치즈 꿀 볼 내돈내산 후기 요즘 도시락 싸기가 귀찮아서 아침마다 <b>스타벅스</b> 샌드위치로 때우고 있었는데 샌드위치도 슬슬 물려서 간단하게 먹을 게 무엇이 있을까 찾다가 발견한 <b>스타벅스</b>... ,CM.H,https://blog.naver.com/pa40533,20220728
222,<b>스타벅스</b> 원두 데일리로 부담일 때 가성비 핸드드립 커피 원두... ,https://blog.naver.com/sticky4?Redirect=Log&logNo=222836936488,원래는 <b>스타벅스</b> 커피를 좋아해서 집에서 마실 때도 <b>스타벅스</b> 원두 매장이나 이마트에서 사다마셨거든요..! 원래 마시던 건 제가 산미를 좋아해서 케냐나 에티오피아를 사다 마셨는데요. <b>스타벅스</b> 원두... ,트래블리♡ travel + lovely,https://blog.naver.com/sticky4,20220801
223,<b>스타벅스</b> 제주 청귤 라임 에이드 마셨습니다,https://blog.naver.com/sht9182?Redirect=Log&logNo=222833580314,저번에 <b>스타벅스</b> 신메뉴 2종을 살펴보았다면 오늘은 단독적으로 제주 청귤 라임 에이드에 대해서만... 이제 본격적으로 <b>스타벅스</b> 제주 청귤 라임 에이드에 대해서 하나하나 살펴보도록 하겠습니다. 먼저... ,프레스티시모,https://blog.naver.com/sht9182,20220729
224,"<b>스타벅스</b> 신메뉴 제주 청귤 라임 에이드, 쿨 서머 캐모마일... ",https://blog.naver.com/sixgongi?Redirect=Log&logNo=222833362988,"오늘은 <b>스타벅스</b> 신메뉴를 소개해드릴게요. 일단 색감 맘에 들고요 ? <b>스타벅스</b> 신메뉴는 9월 1일까지 판매됩니다. 이번에 나온 <b>스타벅스</b> 신메뉴는 우리 쑥 크림 프라푸치노 with 콜드브루, 제주 청귤 라임 에이드... ",송쫑&apos;s Place,https://blog.naver.com/sixgongi,20220729
225,<b>스타벅스</b> e카드 교환권 등록하고 딜리버스(Delivers)로 배달... ,https://blog.naver.com/na_misugi?Redirect=Log&logNo=222827523634,받은 <b>스타벅스</b> e카드 교환권은 왠지 일반 기프티콘처럼 사용하는 게 아닐 것 같아서 사용법을 찾아봤더니 e카드 교환권은 기존 기프티콘처럼 매장에서 바로 사용할 수가 없고 <b>스타벅스</b> 앱에 별도로 등록을 한... ,e주니SHOP,https://blog.naver.com/na_misugi,20220725
226,<b>스타벅스</b> 서머 캐리백 논란과 문화생활 (주간 일기 8),https://blog.naver.com/mybmw81?Redirect=Log&logNo=222834090753,역시 <b>스타벅스</b> 서머 캐리백 발암물질 논란. 수십 잔의 커피를 마시고 모아서 받을 수 있는 굿즈인 <b>스타벅스</b> 서머 캐리백에서 발암물질인 포름알데히드가 검출된다는 이슈가 나오고 지난번 아래 포스팅으로 아직... ,김프로의 경제창고,https://blog.naver.com/mybmw81,20220729
227,<b>스타벅스</b> 메뉴 가격 사이즈 정리 음료 추천 베스트,https://blog.naver.com/yzzzii?Redirect=Log&logNo=222763687893,<b>스타벅스</b>는 한국에 1999년 처음 진출하여 2021년 기준1600여개 매장이 국내에서 운영중이며 커피 업계1위의 명성을 이어가고있다. 최근 7년만에 가격인상이 있었다. <b>스타벅스</b>는 다른곳과 달리 아메리카노가... ,NAKTA,https://blog.naver.com/yzzzii,20220607
228,#<b>스타벅스</b> 아메리카노 대신_ 아이스 오늘의 커피 추천(가격),https://blog.naver.com/euirime?Redirect=Log&logNo=222825714849,#<b>스타벅스</b> 아메리카노 대신 아이스 오늘의 커피(가격) 안녕하세요. 행복한 주말을 맞이한 키호 입니다. 저는 요즘 카페를 가면 라떼류 대신 거의 아메리카노 아아만 마시고 있거든요? 근데 <b>스타벅스</b>를 가면... ,Have a kiho’ day.,https://blog.naver.com/euirime,20220723
229,<b>스타벅스</b> 네스프레소 캡슐 커피 직구 핫딜 구매기,https://blog.naver.com/eirene0110?Redirect=Log&logNo=222809825861,"^^ 선물받은 이디야랩 커피머신 선물받은 이디야 커피 캡슐은 다마셨고 뭘살까, 하다가 <b>스타벅스</b> 캡슐도 호환이 된다길래 <b>스타벅스</b> 커피를 즐겨마시니 <b>스타벅스</b> 캡슐로 구매를 하기로 결정! 이때부터... ",Time to blossom..,https://blog.naver.com/eirene0110,20220713
230,<b>스타벅스</b> 서머 캐리백 발암물질 검출 논란 !! &quot;음료 3잔으로... ,https://blog.naver.com/apple0006175?Redirect=Log&logNo=222825943990,바로 <b>스타벅스</b>죠 !! 미국의 세계 최대 커피 체인점으로 커피뿐만 아니라 여러 음료와 디저트를... 그런데 이런 <b>스타벅스</b>에 발암물질 논란이 일어나 자세히 가져와봤어요 ㅜㅜ 다름아닌 이번 여름 출시된 제품인... ,WONDER VAPE 강남,https://blog.naver.com/apple0006175,20220723
231,답례품 생일답례품 w <b>스타벅스</b> 리유저블 콜드컵,https://blog.naver.com/eunpiri715?Redirect=Log&logNo=222818372179,<b>스타벅스</b> 리유저블 콜드컵 기프트 세트 (리유저블 콜드컵 + 빨대 + 빨대 청소솔 + 뚜껑 + 컵홀더... <b>스타벅스</b> 리유저블 콜드컵 슬리브 진짜 마음에 쏙 들어요. 손안에 잡히는 그립감ㅋㅋㅋ 내가 찾던 녀석입니다.... ,"당신 빼고 다 보는 공연, 전시",https://blog.naver.com/eunpiri715,20220719
232,강릉 여행 안목해변 카페 거리 <b>스타벅스</b> 커피 &amp; 강릉 연탄빵,https://blog.naver.com/anndam?Redirect=Log&logNo=222765155319,강릉 여행 강릉 안목해변 카페 거리 (강원도 강릉 커피거리)에서 <b>스타벅스</b> 커피 마시고 강릉 연탄빵... 강원도 강릉 커피거리에서 커피는 <b>스타벅스</b>.ㅎ 쿠폰이 있다는 이유로 익숙한 스벅으로 향했구요. 흐린... ,♥마리안의 여행이야기-마음이 머무는 이곳♥,https://blog.naver.com/anndam,20220609
233,2022썸머캐리백 <b>스타벅스</b> 사과문+결과 (포름알데하이드검출),https://blog.naver.com/pkholic86?Redirect=Log&logNo=222833776624,"커피를 안마시는터라 <b>스타벅스</b> 프리퀀시를 모을일은 상상한적이 없는데 올해는 지인찬스로... 그럼에도 불구하고 <b>스타벅스</b> 품질기준에는 부합하지않으므로 미안해. 2. 가방은 바꿔줄게, 둘 중 선택해 - 새로운... ",♡ddaeng2 world♡,https://blog.naver.com/pkholic86,20220729
234,2022 <b>스타벅스</b> 썸머 캐리백 그린&amp;크림 후기,https://blog.naver.com/ringo90?Redirect=Log&logNo=222812684532,캐리백은 다 한 듯 올해는 귀인들의 도움으로 캐리백을 받아서 휴가도 잘 다녀온것 같다 다음에 프리퀀시 이벤트 하면 내가 챙겨줘야지 눈누 #<b>스타벅스</b>프리퀀시 #<b>스타벅스</b>캐리백 #<b>스타벅스</b>파우치 #<b>스타벅스</b>후디,바깥순이의 요양블로그(feat.종이인형),https://blog.naver.com/ringo90,20220715
235,[화성 남양 카페] <b>스타벅스</b> 화성남양DT점 (드라이브스루 신메뉴... ,https://blog.naver.com/woojoo90?Redirect=Log&logNo=222836871919,오늘의 포스팅은 넓~은 주차장이 인상적이었던 <b>스타벅스</b> 화성 남양dt점입니다. &lt; 용쿤's 897th <b>스타벅스</b> : <b>스타벅스</b> 화성남양DT점 &gt; 주소 경기도 화성시 남양읍 시청로32번길 6 경기도 화성시 남양읍 남양리... ,CJ 투어 (Cafe & Joy Tour),https://blog.naver.com/woojoo90,20220801
236,<b>스타벅스</b> 베이커리 크기가 작아졌다.. (feat. 진상 커플..),https://blog.naver.com/kyrie1104?Redirect=Log&logNo=222833741538,#일기 #일상 #<b>스타벅스</b> #진상손님싫어요 요새 <b>스타벅스</b>가 엄청 말이 많은데 서머 캐리백에 포름알데히드 검출.. 나는 뉴욕에 있느라 적립한 프리퀀시를 교환하지도 주변에 선물하거나 어쩌지도 못했지만 암튼... ,"largo, amabile, misterioso, capriccioso non tanto",https://blog.naver.com/kyrie1104,20220729
237,"프라하 여행 1일차 : 프라하 까를교, 프라하성 <b>스타벅스</b>, 존레넌벽",https://blog.naver.com/mhj5333?Redirect=Log&logNo=222831599617,프라하 여행 1일차 프라하 까를교 - 존레넌벽 - 프라하성 - 프라하성 <b>스타벅스</b> 여행 포스팅할 때마다... 그리고 한국인이라면 안 갈 수 없는 프라하성 <b>스타벅스</b>! 프라하성 <b>스타벅스</b> 가봅니다..!! 옥상에 자리가... ,What you Want-♪,https://blog.naver.com/mhj5333,20220727
238,"메가커피부터 <b>스타벅스</b>까지, 가격·서비스 상품별로 비교했다!... ",https://blog.naver.com/ftc_news?Redirect=Log&logNo=222839142978,#<b>스타벅스</b>메뉴 #<b>스타벅스</b> #<b>스타벅스</b>프리퀀시 #커피빈 #커피빈메뉴 #커피빈영업시간 #커피빈바닐라라떼 #할리스메뉴 #할리스빙수 #이디야커피 #이디야메뉴추천 #투썸플레이스케익 #투썸플레이스메뉴... ,공정거래위원회,https://blog.naver.com/ftc_news,20220804
239,"<b>스타벅스</b> 서머 캐리백, 무료 음료 쿠폰 3개로 교환하기",https://blog.naver.com/dhpd10?Redirect=Log&logNo=222826905479,지난 달 <b>스타벅스</b> 프리퀀시 선물로 받은 서머 캐리백. 야심차게 후기도 올렸건만.. 오징어 냄새가... 나오자마자 <b>스타벅스</b>는 자체적으로 검사를 의뢰하였다고 합니다. 매일 우리는 주변에 셀 수 없이 많은... ,경제적 자유연습,https://blog.naver.com/dhpd10,20220724
240,<b>스타벅스</b> 서머 캐리백 레드 개봉,https://blog.naver.com/lunasally?Redirect=Log&logNo=222810890939,#22_SUMMER_e_프리퀀시_증정품 중 하나인 #<b>스타벅스</b>_서머_캐리백. 음료를 즐기면서 스티커를 모아 지난주... 이 <b>스타벅스</b> 서머 캐리백은 신세계 백화점에서도 판매되고 있는 제품이라 꼭 겟해야 할 메리트가... ,룰루랄라 나봉봉,https://blog.naver.com/lunasally,20220714
241,<b>스타벅스</b> 서머 캐리백 그린,https://blog.naver.com/goldbell0?Redirect=Log&logNo=222804794103,"<b>스타벅스</b> 프리퀀시 이벤트 다들 참여하고 계신가요~? 솔직히 저는 관심없는 편이었는데, 이번에 나온... <b>스타벅스</b> 서머 캐리백은 그린 / 레드 / 크림 총 세가지 색상이 있는데요, 가장 인기 많은 컬러가... ",꿈이 있는 마루,https://blog.naver.com/goldbell0,20220710
242,[<b>스타벅스</b> 판교알파돔타워점 -샤인머스캣 스윗박스 케이크... ,https://blog.naver.com/buzzerrbeate?Redirect=Log&logNo=222838829113,"오늘은 <b>스타벅스</b> 신상메뉴인 샤인머스캣 스윗박스 케이크 맛리뷰를 적어봅니다. <b>스타벅스</b> 판교알파돔타워점 1. 위치 :경기 성남시 분당구 판교역로 152,1층 신분당선 판교역 3번출구로 나오면 거의 바로옆에... ",모모의 수채화로그,https://blog.naver.com/buzzerrbeate,20220803
243,"[<b>스타벅스</b> 제주 한정 메뉴와 MD] 쑥크림 프라프치노, 한라봉... ",https://blog.naver.com/buboek?Redirect=Log&logNo=222841377592,"제주에 예쁜 카페가 많은데 굳이 <b>스타벅스</b>를 찾아간 이유는 <b>스타벅스</b>에서만 있는 한정 메뉴와 한정 MD 때문이었다. 제주에서만 구입할 수 있는 텀블러와 리유저블컵, 제주에서만 맛볼 수 있는 음료와 디저트가... ",샬랄라 책 읽는 시간은 즐거워,https://blog.naver.com/buboek,20220806
244,[<b>스타벅스</b>] 우리쑥 크림프라푸치노 with 콜드브루 &amp; 아이스... ,https://blog.naver.com/latry?Redirect=Log&logNo=222835124529,<b>스타벅스</b> 목동트라팰리스점. 매장이 정말 쾌적하고 직원들이 너무 친절하다! 기분좋은 매장. 밖을... 결제를 <b>스타벅스</b>카드로 하면 옵션 변경한 600원은 할인된다. 사실 시럽을 라이트로 변경해도 좀 달긴... ,Jungle Onion&apos;s Blog,https://blog.naver.com/latry,20220731
245,네스프레소 버츄오 <b>스타벅스</b> + 서울 아산병원 + 노스페이스 모자... ,https://blog.naver.com/bolasoul?Redirect=Log&logNo=222842340482,한 여름 가끔 뜨아가 땡기는 날 선물 받은 <b>스타벅스</b> 네스프레소 버츄오 내리고 씨앗으로 키운 방울... ㅋㅋㅋ  #네스프레소버츄오 #<b>스타벅스</b>캡슐 #서울아산병원 #노스페이스모자 #추천 #파리공원 #목동 #필라테스... ,BOLASOUL,https://blog.naver.com/bolasoul,20220807
246,<b>스타벅스</b> 드라이브스루 시간 텀블러 사이렌 오더!,https://blog.naver.com/dongi0508?Redirect=Log&logNo=222815412290,<b>스타벅스</b> 드라이브스루 시간 텀블러 사이렌 오더! 나에게 유일하게 힐링을 주는 시간은 일주일 동안... 아침 일찍부터 씻고 준비해서 차 끌고 나간 뒤 집 근처에 있는 <b>스타벅스</b> 드라이브스루 매장을 먼저 간다.... ,Der Sinn des Lebens,https://blog.naver.com/dongi0508,20220717
247,한강뷰 카페 <b>스타벅스</b> 더양평DTR점,https://blog.naver.com/manitto07?Redirect=Log&logNo=222829083494,한강뷰 전망의 뷰 맛집 <b>스타벅스</b> 양평 DTR점 영업시간 : 09:00~20:00 (드라이브스루 08:00~20:00) 양평 나들이에 간혹 드라이브스루는 이용했어도 매장 방문은 처음입니다. 주말에는 거의 만석 수준에 시장통 같은... ,Toi la madam,https://blog.naver.com/manitto07,20220726
248,"음식점 &amp; 기념품샵 후기 (노랑통닭, <b>스타벅스</b>, 국대떡볶이)",https://blog.naver.com/beargobear?Redirect=Log&logNo=222832277706,"그라운드 어디에서도 경기가 잘 보이는 점도 좋았고, 먹거리도 많고, 사이렌오더로 좌석까지 편하게 <b>스타벅스</b> 음료가 배달되는 점도 넘나 신기했구요 ㅋㅋㅋ 정말 <b>스타벅스</b> 직원이 자리까지 음료를... ",Fun My Life,https://blog.naver.com/beargobear,20220728
249,<b>스타벅스</b> 커피 드로잉 말차 프라푸치노 뒤늦게 먹어봤음!,https://blog.naver.com/hearts1012?Redirect=Log&logNo=222821341040,오늘은 제가 <b>스타벅스</b> 메뉴 중 하나인 커피 드로잉 말차 프라푸치노 리뷰를 하려고 해요. 나온지 한... 6월에 출시된 듯한 이번 <b>스타벅스</b> 메뉴는 복숭아가 들어간 블렌디드와 요 우유가 들어간 말차... ,육하망칙의 망칙한 일상,https://blog.naver.com/hearts1012,20220721
250,"[<b>스타벅스</b>] 캐리백 논란 <b>스타벅스</b>, 서비스 만족도 ‘평균 이하’",https://blog.naver.com/akdlf7369?Redirect=Log&logNo=222837867116,"(2022.08.01) -상위 7개 커피전문점 가격 및 서비스 만족도 평균치 3.66점…<b>스타벅스</b>는 3.51점 ‘꼴등’ -종합만족도에선 <b>스타벅스</b>가 1위 차지…<b>스타벅스</b> 3.99점, 커피빈 3.93점, 할리스 3.92점 ▲ <b>스타벅스</b>... ",작품과 현실,https://blog.naver.com/akdlf7369,20220802
251,<b>스타벅스</b> 여름 신메뉴 제주 청귤 라임 에이드 &amp; 루벤 샌드위치,https://blog.naver.com/toy3655?Redirect=Log&logNo=222833845528,"박효은 또 <b>스타벅스</b> 왔다. 왜냐하면 이번주에 신메뉴가 나왔거든. 신메뉴 첫날 바로 조져버렸다! 우리쑥크림 프라푸치노, 제주 청귤 라임 에이드, 쿨 서머 캐모마일 블렌디드. 이렇게 세 종이다. 이름이 너무... ",기튀뻥의 특별한 일상,https://blog.naver.com/toy3655,20220729
252,"<b>스타벅스</b>, 새로운 판을 준비한다",https://blog.naver.com/opecwkd?Redirect=Log&logNo=222826374806,"<b>스타벅스</b>의 CEO 하워드 슐츠가 1998년 영국에 진출했을 때, 그는 영국을 유럽으로 사업을 확장하기... 알려짐 <b>스타벅스</b>측에서는 자체적으로 &quot;전략적 옵션&quot;을 평가하고 있을 뿐 &quot;매각을 위한 절차&quot;를 밟고 있지... ",우리부부의 투자 아카이브,https://blog.naver.com/opecwkd,20220724
253,<b>스타벅스</b> 서머백 반납하고 무료음료 3잔 받기,https://blog.naver.com/xrudwnx123?Redirect=Log&logNo=222834538566,"이번에 <b>스타벅스</b> 서머백에 발암물질 관련해서나왔잖아요 ??? 어쩐지 냄새가 넘 심했어요,,,, 수치 보자마자 옷 빼서 창고에 던졌는데 반납하면 음료교환 3잔쿠폰을 준다고하여 당장 반납하러갔습니당 날씨가... ",박갱의 블로그,https://blog.naver.com/xrudwnx123,20220730
254,<b>스타벅스</b> 텀블러 음료 쿠폰(전사이즈)_ 땡큐 쿠폰_자바 칩... ,https://blog.naver.com/mylittlebb?Redirect=Log&logNo=222840747983,아니고 2주 동안 냄새 다 빼고 사진 찍은 거고 그렇지만 짜증나는 바임 #<b>스타벅스</b>#<b>스타벅스</b>코리아 #텀블러쿠폰#땡큐쿠폰 #<b>스타벅스</b>커스텀음료 #자바칩프라푸치노#자바칩프라푸치노커스텀 #고디바프라푸치노커스텀,My Little B,https://blog.naver.com/mylittlebb,20220805
255,열정♡동해- [<b>스타벅스</b> 동해DT점] [당일 2차 -오후 방문],https://blog.naver.com/clala92?Redirect=Log&logNo=222824683727,노트북과 책을 챙겨들고~~ 오후 아메리카노를 마시기 위해~ <b>스타벅스</b> 동해DT점으로~~Go~Go~ 오후에는 사람들이 많았습니다~~ 그래도 <b>스타벅스</b>는 넓어서 괜찮습니다~~ 과제를 위해 온 학생들도 있고.... 강의를 듣는... ,간호사 열정 story,https://blog.naver.com/clala92,20220722
256,<b>스타벅스</b> 서머 코지 후디(블랙) 프리퀀시 채워서 받아보니,https://blog.naver.com/cutepremolar?Redirect=Log&logNo=222812257450,<b>스타벅스</b> 서머코지후디(블랙) #<b>스타벅스</b> #<b>스타벅스</b>프리퀀시 #프리퀀시경품 #<b>스타벅스</b>서머코지후디 <b>스타벅스</b> 여름 프리퀀시도 끝이 보이는구나- 매년 스벅에서는 프리퀀시 이벤트를 한다. 겨울엔 다이어리 주는... ,이상한나라의앨리스,https://blog.naver.com/cutepremolar,20220715
257,<b>스타벅스</b> 유기농 아이스크림 마카롱,https://blog.naver.com/jaurim04?Redirect=Log&logNo=222827719295,유기농 아이스크림 초콜릿 + 스트로베리 마카롱 유기농 아이스크림 바닐라 + 스트로베리 마카롱 저녁 식사 후 <b>스타벅스</b> 인천도화DT점으로 출동~ 왜 가느냐? <b>스타벅스</b> 기프트콘 유효기간 만료일ㅋ (오늘 안 가면... ,자주빛 비가 내리는 숲,https://blog.naver.com/jaurim04,20220725
258,<b>스타벅스</b> 서머 캐리백 - 레드체크,https://blog.naver.com/55mirinae?Redirect=Log&logNo=222807250493,"여름 프리퀀시 완성으로 받게된 <b>스타벅스</b> 서머캐리백 이번엔 딱히 모을 생각이 없었는데도 한잔두잔... 그래도 <b>스타벅스</b> DT점 때문에 모으게 되었다 DT점 만세!!! <b>스타벅스</b> 서머캐리백은 레드체크, 크림색, 그린색... ",미끄럼틀의 행복한 나의집,https://blog.naver.com/55mirinae,20220711
259,220708_DDP 카페 :: <b>스타벅스</b> 동대문 두타점,https://blog.naver.com/bitna3434?Redirect=Log&logNo=222809057613,노천 카페 같은 <b>스타벅스</b> 동대문 두타점 영업시간 : 매일 10:30 - 22:00 위치 : 서울 중구 장충단로 275 * 네이버 지도 링크 : <b>스타벅스</b> 동대문 두타점 2시간 전시를 구경 후유증으로 다리가 너무 아파서 가까운... ,Bella anima,https://blog.naver.com/bitna3434,20220712
260,"비오는날, 한강에 떠있는 <b>스타벅스</b>",https://blog.naver.com/purple4ever?Redirect=Log&logNo=222809538020,"내가 가고자 했던 곳은 바로 <b>스타벅스</b> 서울웨이브점. ‘잠원한강공원 <b>스타벅스</b> 한강에 떠있는 선상카페’ 라고 지도에 소개되어 있는데 딱 소개대로다. 흐린 하늘, 뭔가 물결을 표현한 것 같은 카페, 멀리보이는... ","Blog, Purple",https://blog.naver.com/purple4ever,20220713
261,<b>스타벅스</b> 히비스커스 블렌드 티 직접 마셔본 후기,https://blog.naver.com/soqls0321?Redirect=Log&logNo=222822319980,<b>스타벅스</b> 히비스커스 블렌드 티 직접 마셔본 후기 저녁시간에 <b>스타벅스</b>를 방문하게 되었어요. 커피 마시기에는 살짝 부담스러워서 티 종류를 마시려고 메뉴를 살펴보다가 티바나 음료 중 하나인 색깔이 예쁜... ,요이삔것의 즐거운 일상,https://blog.naver.com/soqls0321,20220721
262,"<b>스타벅스</b> 잠봉 베이글 샌드위치, 차게 먹을걸!",https://blog.naver.com/mitsru79?Redirect=Log&logNo=222807466702,<b>스타벅스</b> 잠봉 베이글 샌드위치 요렇게 꽉꽉 채운 속재료와 함께 반으로 슬라이스 되어 담겨 있구요... 저는 이걸 다 먹고 나서야 봤어요 ㅋㅋㅋ <b>스타벅스</b> 잠봉 베이글 샌드위치 칼로리는 600kcal 이고 가격은 6천... ,미쯔루의 맛있는 이야기,https://blog.naver.com/mitsru79,20220711
263,무지개 뷰 <b>스타벅스</b> 더북한강R점 남양주 뷰맛집 카페(주차요금),https://blog.naver.com/solepersona?Redirect=Log&logNo=222841532401,<b>스타벅스</b> 더북한강R점 남양주 뷰맛집 카페 <b>스타벅스</b> 3층 테라스에서 본 무지개 나에게 조만간 어떤 행운이 오려는지 며칠 전 <b>스타벅스</b> 더북한강R점에 갔다가 엄청나게 크고 아름다운 무지개를 봤다. 날씨가... ,JauntyClub 자운티클럽,https://blog.naver.com/solepersona,20220807
264,<b>스타벅스</b> 팟타이 두부면 보울 밀박스 가격 &amp; 칼로리,https://blog.naver.com/mitsru79?Redirect=Log&logNo=222811429157,지난주에 발산 킴스클럽 갔다가 쉬다갈 겸 찾은 1층 <b>스타벅스</b>.. 커피를 두 잔이나 마셔서 커피는 안 땡기고...살짝 배는 고프고? 그래서 간단히 요기도 하려구요 지난 6월달에 출시된 <b>스타벅스</b> 샌드위치와 샐러드.... ,미쯔루의 맛있는 이야기,https://blog.naver.com/mitsru79,20220714
265,&lt;흑석동 카페&gt;<b>스타벅스</b> 광주흑석DT점__무화과 햄 바게트... ,https://blog.naver.com/jimeroo?Redirect=Log&logNo=222829396438,열분 안녕하세요 <b>스타벅스</b> 광주흑석DT점 레츠꼬 해볼게요 흑석DT점은 처음 가봤는데 2층 카페로 꽤 크더라구요 <b>스타벅스</b>는 넓은 카페 찾을 때 자주 가게 돼요 길 가다가 스벅이 보일 때 골목으로 우회전하면... ,제이데이,https://blog.naver.com/jimeroo,20220726
266,"제주도 쇼핑리스트 선물 간식, <b>스타벅스</b> 굿즈 구입 후기",https://blog.naver.com/marketing12?Redirect=Log&logNo=222824831243,다양한 먹거리 간식들이 많은 제주도 쇼핑리스트 선물리스트 <b>스타벅스</b> 굿즈 구입 후기!(ft.... <b>스타벅스</b> 굿즈들과 빼놓을 수 없는 라이언!!! 감귤 라이언!!! 참고로 카카오샵 못가시면 공항에도 있어요! 제주도... ,조금씩 매일을 나아가는 ing♪,https://blog.naver.com/marketing12,20220727
267,<b>스타벅스</b> 22년 여름 프리퀀시 캐리백 발암물질 관련 고객 사과문,https://blog.naver.com/hiwool?Redirect=Log&logNo=222834091304,"저번에 올린 <b>스타벅스</b> 22년 써머 프리퀀시 캐리백 수령후기 많은 분들이 봐주셨는데요, 근데... 이... 오전, <b>스타벅스</b> 공식 사과문이 떴습니다 초기 대응 미숙과 잘못에 대한 인정을 하는것으로 사과문을... ","행복하자,아프지말고 :)",https://blog.naver.com/hiwool,20220729
268,[언박싱] <b>스타벅스</b> 서머 캐리백 레드,https://blog.naver.com/100su0?Redirect=Log&logNo=222803954994,2022년 <b>스타벅스</b> 서머 프리퀀시 받아왔습니다!! <b>스타벅스</b> 방학역점에서 받아왔어요~ 아침 7시부터 증정품 예약이 가능해서 일어나자 마자 어플켜고 신청~예약완료 눌러 성공(오전중에 신청안하면 솔드아웃되는... ,사막의 별을 꿈꾸는 su0e,https://blog.naver.com/100su0,20220707
269,제주 <b>스타벅스</b> 하울의 움직이는 성은 중문점!,https://blog.naver.com/hiroaya?Redirect=Log&logNo=222743158146,아침 일찍 산책을 마치고 들른 곳은 <b>스타벅스</b> 중문점. 평소엔 <b>스타벅스</b>보다 개인카페에 들르는 편이지만 여행지에서는 <b>스타벅스</b>에도 한 번씩 들르게 돼요. 국가별로 지역별로 지점별로 다른 메뉴와 텀블러를... ,객관적 感想,https://blog.naver.com/hiroaya,20220523
270,"[제주] 우진 해장국, <b>스타벅스</b>, 용두암",https://blog.naver.com/shy885?Redirect=Log&logNo=222832235086,또 먹고 싶따.......ㅠㅠ <b>스타벅스</b> 제주서해안로DT점 제주 한정 메뉴 제주도에 왔으니 스벅에서 제주 한정 메뉴를 먹어보기로 했죠! ㅋㅋㅋㅋ 역광이라 도대체 안 나오는 사진 ㅋㅋㅋㅋㅋㅋㅋㅋㅋㅋㅋㅋ... ,알라월드,https://blog.naver.com/shy885,20220728
271,"담아서 먹는다 (메리어트조식, 신화월드<b>스타벅스</b>, 대한항공)",https://blog.naver.com/working_sh?Redirect=Log&logNo=222837151403,느낌이 있긴 했는데 그래도 푸짐하게 맛있게 먹었습니다 제주 신화월드 <b>스타벅스</b> 리저브 오픈 시간 맞춰서 커피 수령하러 간 제주 신화월드 <b>스타벅스</b>(리저브) 사람 없을 때 살짝 찍었는데 진짜 줄서서... ,수짱의 여행과 일상 이야기,https://blog.naver.com/working_sh,20220802
272,카누 패들 굿즈 교환성공 &amp; <b>스타벅스</b>신메뉴,https://blog.naver.com/jmilea?Redirect=Log&logNo=222804682158,또 모르죠 머.ㅋㅋ #카누패들교환성공 패들교환성공 포스팅만 올리려다가 이건 너무 짧은거 같아 오늘 먹은 #<b>스타벅스</b>신메뉴 글도 같이 씁니다.ㅋㅋ 써야할 쿠폰들이 있어서 들린 #<b>스타벅스</b> 오늘은... ,캠핑다니는 여행자,https://blog.naver.com/jmilea,20220708
273,<b>스타벅스</b> 다이어트 간식 추천 155kcal &lt;리얼 두부칩&gt; #내돈내산,https://blog.naver.com/ksh1992001?Redirect=Log&logNo=222823150641,<b>스타벅스</b> 다이어트 간식 <b>스타벅스</b> 비건 간식 &lt;리얼 두부칩&gt; 내돈내산 후기! <b>스타벅스</b> 기프티콘을 받으면 난감할 때가 있다. 가령 다이어트 중인데 케이크+커피 조합의 기프티콘을 받는 경우.... 같이 먹을... ,특별할것없는날들,https://blog.naver.com/ksh1992001,20220722
274,<b>스타벅스</b> 에그타르트 | 퍼플 샤워 블렌디드,https://blog.naver.com/tlrevolution?Redirect=Log&logNo=222805286068,<b>스타벅스</b> 여름 프리퀀시 빨강 스티커 부족을 호소하시는 지인분 때문에 어쩔 수 없이 방문하게 된 스벅.. 스티커가 뭐길래.. ㅡㅡ;;.. STARBUCKS.. BUKGAJWA DT.. <b>스타벅스</b> 북가좌DT점을 찾았네요.. 비가 올랑말랑... ,타미스다이너,https://blog.naver.com/tlrevolution,20220711
275,<b>스타벅스</b> ‘서머픽시트러스블렌디드’,https://blog.naver.com/nuts1946?Redirect=Log&logNo=222803988877,<b>스타벅스</b> ‘서머픽시트러스블렌디드’ 설문조사를 했는지 뭐했는지 나는 모르는 이야기인데 그냥 신메뉴로 출시되었다기에 한번 선택해봤다. <b>스타벅스</b> ‘서머픽시트러스블렌디드’ 355ml 톨사이즈 기준... ,곰돌프의 시크한 블로그,https://blog.naver.com/nuts1946,20220708
276,"<b>스타벅스</b> 23주년 기념 MD 투고 그린 5종 실사, 구매후기",https://blog.naver.com/kmk1264?Redirect=Log&logNo=222818787890,"<b>스타벅스</b> 23주년 기념 MD 투고 그린 5종 실사, 구매후기 오늘 <b>스타벅스</b> 23주년 기념 엠디 투고 그린 5종이 출시되는 날이란다 관심없었는데, 어제 인친님 인스타에 뜨길래 또... 키링이 갖고싶어서 아침부터 총총... ",만복이누나님의 블로그,https://blog.naver.com/kmk1264,20220719
277,<b>스타벅스</b> 커피 드로잉 말차 프라푸치노 맛 괜찮네,https://blog.naver.com/tellin9vi?Redirect=Log&logNo=222809080499,아쥬 오랜만에 <b>스타벅스</b> 같은 값이면 스벅커피가 맛있긴 한데 접근성이 떨어져서 잘 안갔다. 간만에... #<b>스타벅스</b>커피드로잉말차프라푸치노 #커피드로잉말차프라푸치노 #<b>스타벅스</b>여름신메뉴 #말차프라푸치노,Wednesday Story,https://blog.naver.com/tellin9vi,20220712
278,<b>스타벅스</b> 서머 캐리백 레드 후기,https://blog.naver.com/aerichan?Redirect=Log&logNo=222804704270,여튼 프리퀀시 완성하자마자 처음부터 원픽이었던 <b>스타벅스</b> 서머 캐리백 레드로 예약하고 교환했다 <b>스타벅스</b> 전대점에서 받았었는데 이렇게 잘해서 주셨었다 이날 오후 비가 와서 쇼핑백 두겹으로 해서 주신 듯... ,좋아하는 거 올리는 블로그! 불펌 금지,https://blog.naver.com/aerichan,20220708
279,<b>스타벅스</b> 썸머 이프리퀀시 ~~~,https://blog.naver.com/redsk81?Redirect=Log&logNo=222804164310,<b>스타벅스</b> 썸머 이프리퀀시 ~~~ 그냥 올해는 제품들이 영 ~~~~ 살살 달릴까 했는데 감사하게도 ~~ 스티커... 여기저기서 아류작이 나오려나??? #스탁벅스이프린퀀시 #써머캐리백 #<b>스타벅스</b>써머캐리백,일상을 기록하는 평범한 집,https://blog.naver.com/redsk81,20220708
280,"제주 <b>스타벅스</b> 제주애월DT점, 제주 오면 쑥떡 프라푸치노... ",https://blog.naver.com/shrk041212?Redirect=Log&logNo=222834090824,"가는 <b>스타벅스</b>가 있다. 제주 애월DT점, 바로 앞에 바다가 있어 언제든 가도 좋은 곳 <b>스타벅스</b> 제주애월DT점 주소 : 제주 제주시 애월읍 애월해안로 376 영업시간 : 08:00~21:00 애월을 좋아해서이기도 하지만 자주... ",룰루랄라 BLOG,https://blog.naver.com/shrk041212,20220729
281,<b>스타벅스</b> 두부텐더 샐러드 밀박스다이어트 메뉴로 딱,https://blog.naver.com/ninamath?Redirect=Log&logNo=222815327672,"<b>스타벅스</b> 샐러드로 건강한 한끼! <b>스타벅스</b> 메뉴를 골라봐요 안녕하세요! 아침 운동 후에 <b>스타벅스</b> 비건은 어떨까 궁금해, <b>스타벅스</b> 두부텐더 샐러드를 먹어봤어요. <b>스타벅스</b> 라자냐나 <b>스타벅스</b> 샌드위치도... ",어푸어푸 맛집 여행,https://blog.naver.com/ninamath,20220717
282,밀라노 <b>스타벅스</b> 리저브 로스터리 솔직후기(#아메리카노... ,https://blog.naver.com/xodnjssla1?Redirect=Log&logNo=222826145695,올해 밀라노로 출장을 가게되서 방문한 <b>스타벅스</b> 리저브 매장! 사실 이탈리아가 커피로 유명한 만큼 <b>스타벅스</b>라는 보편적인(?) 맛을 지향하는 대형 프렌차이즈 카페가 입점하기에 상당히 부담감을 안고... ,엄티&apos;s 디자인 블로그...,https://blog.naver.com/xodnjssla1,20220724
283,<b>스타벅스</b> 커피 드로잉 말차 프라푸치노 먹어봤음,https://blog.naver.com/8570447?Redirect=Log&logNo=222773016833,이번에 스벅 여름 신메뉴가 나왔길래 먹어본 <b>스타벅스</b> 커피 드로잉 말차 프라푸치노 다른 걸 먹어볼까... 기다리다가 <b>스타벅스</b> 커피 드로잉 말차 프라푸치노에 어울리는 디저트는 뭐가 있나 살펴봤어요... ,아라로그,https://blog.naver.com/8570447,20220614
284,<b>스타벅스</b> - 스벅md사진 + 제주 유기농 말차로 만든 크림... ,https://blog.naver.com/dksork03?Redirect=Log&logNo=222829597810,&lt;&lt; 기프티콘을 쓰러 앞동네 <b>스타벅스</b>에 들렀다. 날이 더워그런가.. 만석이다. &lt;&lt; 사이렌오더로... #<b>스타벅스</b> #<b>스타벅스</b>md #제주유기농말차로만든크림프라푸치노 #내돈내산 #<b>스타벅스</b>말차,에너자이저를 등에 짊어지고 힘차게.,https://blog.naver.com/dksork03,20220726
285,<b>스타벅스</b> 신메뉴 우리 쑥 크림 프라푸치노 with 콜드브루... ,https://blog.naver.com/daesuk217?Redirect=Log&logNo=222829869512,<b>스타벅스</b> 신메뉴 우리 쑥 크림 프라푸치노 with 콜드브루 커스텀 오늘부터 <b>스타벅스</b> 신메뉴 쓰리스타 이벤트 하시는 거 아시나요? 저 몰랐는데 사이렌오더 들어가니까 하고 있더라고요! (뭔가 득템한... ,블루진의 기적노트,https://blog.naver.com/daesuk217,20220726
286,부산 하단 <b>스타벅스</b> 을숙도강변DT점 ; 리모델링,https://blog.naver.com/mochi222?Redirect=Log&logNo=222805809016,"<b>스타벅스</b> 을숙도강변DT점 부산 사하구 하신번영로 381-6 약 한달간의 리모델링이 끝난 <b>스타벅스</b> 을숙도강변DT점!!!!! 드디어 재오픈했다는 소식에, 드라이브쓰루하러 갔다가 궁금해서 매장안에서 픽업을... ",경험을 수집한다,https://blog.naver.com/mochi222,20220710
287,부산 카페 ♬ <b>스타벅스</b> 영도청학DT점。 영도카페 : 영도에... ,https://blog.naver.com/redsea2905?Redirect=Log&logNo=222833192776,맨날 이랬으면..ㅠㅠㅋㅋㅋㅋ 지난 주말에 남편이 영도에 <b>스타벅스</b>가 새로 생겼는데 건물도 이쁘고... 프렌차이즈라 부산카페라고 제목 달긴 좀 그렇지만 부산에 있으니 부산 카페 맞음 ㅋㅋㅋㅋ <b>스타벅스</b>... ,아키짱의 위대한 하루,https://blog.naver.com/redsea2905,20220728
288,<b>스타벅스</b> 우리쑥크림프라푸치노 후기 스벅 신메뉴 별추가적립,https://blog.naver.com/gjskrj?Redirect=Log&logNo=222831549238,#<b>스타벅스</b>신메뉴 로 쑥을 사용한 음료가 나왔다고 해서 어찌나 반갑던지. 제주도 내려가서 #쑥크림라떼... #<b>스타벅스</b>우리쑥크림프라푸치노 #<b>스타벅스</b>우리쑥크림 #스벅신메뉴후기 이름은 엄청 깁니다.... ,아쿠아블로그:소소하고도 화려한이야기,https://blog.naver.com/gjskrj,20220727
289,"드디어 수령한 <b>스타벅스</b> 서머 캐리백 (그린, 아이보리색상)",https://blog.naver.com/ommmmma?Redirect=Log&logNo=222809503182,"<b>스타벅스</b> 서머 캐리백 (그린, 아이보리색상) 음료를 열심히 사먹어도 원하는 상품을 예약하긴 정말 힘드네... 이틀정도 7시에 대기탔는데 실패하고 3일만에 성공한 #<b>스타벅스</b>서머캐리백 사실 서머캐리백 말고... ",취향의 시대,https://blog.naver.com/ommmmma,20220713
290,2022 <b>스타벅스</b> 프리퀀시 서머 캐리백 레드색상,https://blog.naver.com/heena_mom?Redirect=Log&logNo=222808685585,2022 <b>스타벅스</b> 프리퀀시 마지막차 타고 겨우 획득한 서머 캐리백!! 사진. 글 @비주언니 안녕하세요 비주입니다 ^^ 이번 2022 <b>스타벅스</b> 프리퀀시는 패스하려고 했어요~ 막 딱히 가지고 싶은 것도 없었고~ 또 갖고... ,▒ 희나네집 ▒ 라이프스타일디자이너! : 비주언니,https://blog.naver.com/heena_mom,20220712
291,<b>스타벅스</b> 서머캐리백 발암물질 검출 공식 확인... <b>스타벅스</b> 사과!,https://blog.naver.com/ingangwoo?Redirect=Log&logNo=222832769214,<b>스타벅스</b> 서머캐리백 발암물질 검출 공식 확인... <b>스타벅스</b> 사과! <b>스타벅스</b> 코리아는 고객 증정품인 '서머 캐리백'에서 발암물질(폼알데하이드)가 검출 됐다고 28일 공식 확인 했습니다. <b>스타벅스</b> 코리아는... ,★댕기동자의 지식충전소,https://blog.naver.com/ingangwoo,20220728
292,<b>스타벅스</b> 캐리백 관련 사과문과 교환및 보상안내... ,https://blog.naver.com/ppabam2?Redirect=Log&logNo=222836886916,난리난리 대 난리 났던 <b>스타벅스</b> 캐리백 아는 분들은 아시겠지만 <b>스타벅스</b>에서 사과문을 올리고 제품 교체및 보상을 실시하기로 했다. 그에 앞서 캐리백을 당장 없애고 싶은 고객들을 위해 <b>스타벅스</b>에 캐리백을... ,빠밤이,https://blog.naver.com/ppabam2,20220801
293,<b>스타벅스</b> 2022 섬머 캐리백(레드) 수령 후기,https://blog.naver.com/ganzzajang?Redirect=Log&logNo=222803193111,뭐 요즘은 <b>스타벅스</b>에 개인적으로는 갈 일이 없는데 고마운 분들이 보내주시는 기프티콘이나 각종 금융권에서 프로모션으로 보내주는 <b>스타벅스</b> 아메리카노 기프티콘들을 사용하러 가게 되네요. 그리고... ,독고다이 (재미있는 이야기들),https://blog.naver.com/ganzzajang,20220707
294,<b>스타벅스</b> 마곡나루공원점 아이와 가볼만한곳,https://blog.naver.com/ryj1215?Redirect=Log&logNo=222825300381,옥상 테라스와 주차장이 있는 #아이와가볼만한곳 #<b>스타벅스</b>마곡나루공원점 아이와 가볼만한 #<b>스타벅스</b> 이때부터 지금까지 아이의 <b>스타벅스</b> 최애 메뉴는 #딸기요거트블랜디드 한때 <b>스타벅스</b> 가자는... ,추억을 기록하는 습관,https://blog.naver.com/ryj1215,20220723
295,건물주 테스트 <b>스타벅스</b> 건물주 될 수 있나? (건물주 MBTI... ,https://blog.naver.com/n_goos?Redirect=Log&logNo=222819272768,"건물주 테스트 <b>스타벅스</b> 건물주 될 수 있나? 모든 이들의 궁극적인 꿈이 아닐까 생각합니다. 강남에 내 건물을 한채 소유하고 있고, 1층에 <b>스타벅스</b>를 입점 시킨 아주 괜찮은 <b>스타벅스</b> 건물주 엄청나게 큰... ",부:富 의 동산에서,https://blog.naver.com/n_goos,20220719
296,<b>스타벅스</b> 신메뉴 우리 쑥 크림 프라푸치노 with 콜드브루 직접... ,https://blog.naver.com/soqls0321?Redirect=Log&logNo=222831036097,"<b>스타벅스</b> 신메뉴 우리 쑥 크림 프라푸치노 with 콜드브루 직접 마셔 본 후기. <b>스타벅스</b>에서 서머 2 프로모션은 국내산 농산물을 사용해서 만든 여름 음료인데요, 출시된 세 가지 음료 중에서 오늘은 &lt;우리 쑥... ",요이삔것의 즐거운 일상,https://blog.naver.com/soqls0321,20220727
297,<b>스타벅스</b> 바질토마토 크림치즈 베이글 만드는법 브런치메뉴,https://blog.naver.com/ru8405?Redirect=Log&logNo=222786218268,보려는데 <b>스타벅스</b>에 바질토마토 크림치즈 베이글이라는 메뉴가 있다네요. 저는 아직 안... <b>스타벅스</b> 바질토마토 베이글 완성!!! 바질토마토 베이글과 아메리카노 한잔을 곁들이면 브런치로 너무... ,뿌요의 재미있는 집,https://blog.naver.com/ru8405,20220624
298,<b>스타벅스</b> 서머2 프로모션 MD(7/26~) 매장 방문 및 구경하기... ,https://blog.naver.com/seungwan79?Redirect=Log&logNo=222829104080,<b>스타벅스</b> 서머2 프로모션이 시작되었습니다. (7/26) <b>스타벅스</b> 서머 캐리백 이슈가 아직 해결되지 않았고 관련 내용에 대한 것에 대처가 늦어졌던 관계로 신규 MD가 인기가 있을지 모르겠네요. 환경을 생각하는... ,와니드림블로그,https://blog.naver.com/seungwan79,20220726
299,"[블챌] 7월 4주 연희공원 일지, <b>스타벅스</b> 공촌DT점",https://blog.naver.com/shensubin?Redirect=Log&logNo=222827627553,된 <b>스타벅스</b> 위에 등장시킨 연희자연마당에서 차로 10분거리 1층이 이렇게 쾌적해도 되는거임? 층고가 높아서 답답하지 않아 굿 좌석들 간격도 넓직넓직 다들 2층에 몰려가시는덕?에 1층 넓직이 테이블 통으로... ,우야 행복공간,https://blog.naver.com/shensubin,20220725
